Unnamed: 0,Unnamed: 1,Unnamed: 2,Unnamed: 3,Unnamed: 4,Unnamed: 5,Unnamed: 6,Unnamed: 7,Unnamed: 8,Unnamed: 9,Unnamed: 10,Unnamed: 11,Unnamed: 12,Unnamed: 13,Unnamed: 14,Unnamed: 15,Unnamed: 16,Unnamed: 17,Unnamed: 18,Unnamed: 19,Unnamed: 20,Unnamed: 21,Unnamed: 22,Unnamed: 23,Unnamed: 24,Unnamed: 25,Unnamed: 26,Unnamed: 27,PF_E01_C,PF_E02_C,12.0,13.0,23.109667896362485,0.1950360669256536,8.301573106696242,1.5666666666666664,0.1295078961151762,0.0249999999999999,13.021666666666668,0.7865908734107979,20.92416666666664,2024-11-02 04:01:00,start_stop,end_stop,start_sequence,end_sequence,mean_speed [km/h],covariance_speed [%],buffer_speed [km/h],mean_time [mins],covariance_time [%],buffer_time [mins],mean_headway [mins],covariance_headway [%],buffer_headway [mins],datetime
,,,,,,,,,,,,,,,,,,,,,,,,,,,,PF_E01_C,PF_E02_C,12.0,13.0,21.53120396464992,0.0245213054566179,0.3419806659505902,1.6439393939393938,0.0253548370345429,0.0833333333333334,12.971666666666668,1.0080832529197865,26.09999999999996,2024-11-02 04:08:00,,,,,,,,,,,,,,
,,,,,,,,,,,,,,,,,,,,,,,,,,,,PF_E01_C,PF_E02_C,12.0,13.0,21.53120396464992,0.0245213054566179,0.3419806659505902,1.6439393939393938,0.0253548370345429,0.0833333333333334,13.068333333333332,0.9933125216004968,25.95416666666664,2024-11-02 04:09:00,,,,,,,,,,,,,,
,,,,,,,,,,,,,,,,,,,,,,,,,,,,PF_E01_C,PF_E02_C,12.0,13.0,19.74346428669841,0.2831849222969737,0.3761787325456467,2.3866666666666667,0.9811434565724896,4.131666666666659,12.708333333333334,0.9946657453921824,24.52749999999996,2024-11-02 04:10:00,,,,,,,,,,,,,,
,,,,,,,,,,,,,,,,,,,,,,,,,,,,PF_E01_C,PF_E02_C,12.0,13.0,21.53120396464992,0.0245213054566179,0.3419806659505902,1.6439393939393938,0.0253548370345429,0.0833333333333334,12.688333333333334,0.9935035790373112,24.107499999999963,2024-11-02 04:11:00,,,,,,,,,,,,,,
,,,,,,,,,,,,,,,,,,,,,,,,,,,,PF_E01_C,PF_E02_C,12.0,13.0,21.54183492677943,0.0234310571756047,0.3077825993555301,1.6430555555555555,0.0242595651338676,0.08,13.337878787878788,1.0847013667549406,28.558333333333334,2024-11-02 04:13:00,,,,,,,,,,,,,,
,,,,,,,,,,,,,,,,,,,,,,,,,,,,PF_E01_C,PF_E02_C,12.0,13.0,21.54183492677943,0.0234310571756047,0.3077825993555301,1.6430555555555555,0.0242595651338676,0.08,13.434848484848484,1.0790587624689782,28.508333333333336,2024-11-02 04:14:00,,,,,,,,,,,,,,
,,,,,,,,,,,,,,,,,,,,,,,,,,,,PF_E01_C,PF_E02_C,12.0,13.0,21.54183492677943,0.0234310571756047,0.3077825993555301,1.6430555555555555,0.0242595651338676,0.08,13.456060606060609,1.0727352601289748,28.308333333333334,2024-11-02 04:15:00,,,,,,,,,,,,,,
,,,,,,,,,,,,,,,,,,,,,,,,,,,,PF_E01_C,PF_E02_C,12.0,13.0,21.54183492677943,0.0234310571756047,0.3077825993555301,1.6430555555555555,0.0242595651338676,0.08,13.304545454545456,1.0815140416694198,27.95,2024-11-02 04:16:00,,,,,,,,,,,,,,
,,,,,,,,,,,,,,,,,,,,,,,,,,,,PF_E01_C,PF_E02_C,12.0,13.0,21.589688506981705,0.0231601312604225,0.3419806659505902,1.6393939393939392,0.024174877058546,0.0583333333333333,13.62,1.0894258843930709,29.400833333333296,2024-11-02 04:17:00,,,,,,,,,,,,,,
,,,,,,,,,,,,,,,,,,,,,,,,,,,,PF_E01_C,PF_E02_C,12.0,13.0,21.589688506981705,0.0231601312604225,0.3419806659505902,1.6393939393939392,0.024174877058546,0.0583333333333333,13.366666666666664,1.094624698782643,28.766666666666623,2024-11-02 04:18:00,,,,,,,,,,,,,,
,,,,,,,,,,,,,,,,,,,,,,,,,,,,PF_E01_C,PF_E02_C,12.0,13.0,21.589688506981705,0.0231601312604225,0.3419806659505902,1.6393939393939392,0.024174877058546,0.0583333333333333,13.286666666666669,1.0940589860031116,28.257499999999965,2024-11-02 04:19:00,,,,,,,,,,,,,,
,,,,,,,,,,,,,,,,,,,,,,,,,,,,PF_E01_C,PF_E02_C,12.0,13.0,21.589688506981705,0.0231601312604225,0.3419806659505902,1.6393939393939392,0.024174877058546,0.0583333333333333,13.243333333333334,1.0975766980542012,28.12666666666663,2024-11-02 04:20:00,,,,,,,,,,,,,,
,,,,,,,,,,,,,,,,,,,,,,,,,,,,PF_E01_C,PF_E02_C,12.0,13.0,24.21499462943068,0.3611128888774164,14.781164339419949,1.5545454545454545,0.184086718504565,0.0583333333333333,12.21,0.7249478714075289,18.902499999999986,2024-11-02 04:22:00,,,,,,,,,,,,,,
,,,,,,,,,,,,,,,,,,,,,,,,,,,,PF_E01_C,PF_E02_C,12.0,13.0,21.54183492677943,0.0234310571756047,0.3077825993555301,1.6430555555555555,0.0242595651338676,0.08,12.8,0.8651675047052544,22.916666666666664,2024-11-02 04:24:00,,,,,,,,,,,,,,
,,,,,,,,,,,,,,,,,,,,,,,,,,,,PF_E01_C,PF_E02_C,12.0,13.0,21.54183492677943,0.0234310571756047,0.3077825993555301,1.6430555555555555,0.0242595651338676,0.08,12.83030303030303,0.8609581447566576,23.10833333333333,2024-11-02 04:25:00,,,,,,,,,,,,,,
,,,,,,,,,,,,,,,,,,,,,,,,,,,,PF_E01_C,PF_E02_C,12.0,13.0,24.77138441577773,0.416373747273853,17.441013963480092,1.5424242424242425,0.1960156975586055,0.0249999999999999,12.306666666666668,0.936159580174696,21.935833333333303,2024-11-02 04:26:00,,,,,,,,,,,,,,
,,,,,,,,,,,,,,,,,,,,,,,,,,,,PF_E01_C,PF_E02_C,12.0,13.0,22.232437047356687,0.0860154389948469,3.476803437164332,1.6,0.0704955179820359,0.0249999999999999,12.196666666666667,0.9443207342405968,21.92666666666664,2024-11-02 04:27:00,,,,,,,,,,,,,,
,,,,,,,,,,,,,,,,,,,,,,,,,,,,PF_E01_C,PF_E02_C,12.0,13.0,21.746255636382443,0.0186618079569628,0.8028056768059919,1.6272727272727272,0.0184770900135637,0.0249999999999999,12.21,0.932746094196959,21.96666666666664,2024-11-02 04:28:00,,,,,,,,,,,,,,
,,,,,,,,,,,,,,,,,,,,,,,,,,,,PF_E01_C,PF_E02_C,12.0,13.0,21.73896562586758,0.017837169971443,0.7909212423155125,1.6277777777777775,0.0176445140652968,0.0224999999999999,12.030303030303031,1.0642615469868772,24.450000000000003,2024-11-02 04:29:00,,,,,,,,,,,,,,
,,,,,,,,,,,,,,,,,,,,,,,,,,,,PF_E01_C,PF_E02_C,12.0,13.0,21.68407733348233,0.0163455892742949,0.4608250108554053,1.6318181818181818,0.0161196616099884,0.0249999999999999,14.648333333333335,0.9609317681361698,30.32499999999997,2024-11-02 04:30:00,,,,,,,,,,,,,,
,,,,,,,,,,,,,,,,,,,,,,,,,,,,PF_E01_C,PF_E02_C,12.0,13.0,21.68407733348233,0.0163455892742949,0.4608250108554053,1.6318181818181818,0.0161196616099884,0.0249999999999999,14.681666666666668,0.9586862899514236,30.42999999999998,2024-11-02 04:31:00,,,,,,,,,,,,,,
,,,,,,,,,,,,,,,,,,,,,,,,,,,,PF_E01_C,PF_E02_C,12.0,13.0,21.68407733348233,0.0163455892742949,0.4608250108554053,1.6318181818181818,0.0161196616099884,0.0249999999999999,14.675,0.9679892430859512,30.578333333333312,2024-11-02 04:32:00,,,,,,,,,,,,,,
,,,,,,,,,,,,,,,,,,,,,,,,,,,,PF_E01_C,PF_E02_C,12.0,13.0,24.100552287100143,0.332522939718032,13.75143725575334,1.5499999999999998,0.1755687123603082,0.0249999999999999,14.078333333333331,0.9727198576578238,28.63916666666664,2024-11-02 04:33:00,,,,,,,,,,,,,,
,,,,,,,,,,,,,,,,,,,,,,,,,,,,PF_E01_C,PF_E02_C,12.0,13.0,22.03991701875404,0.0555445739226147,2.417943279849748,1.6090909090909091,0.0493196573212073,0.0249999999999999,14.088333333333336,0.9576267258046116,27.890833333333305,2024-11-02 04:34:00,,,,,,,,,,,,,,
,,,,,,,,,,,,,,,,,,,,,,,,,,,,PF_E01_C,PF_E02_C,12.0,13.0,22.03991701875404,0.0555445739226147,2.417943279849748,1.6090909090909091,0.0493196573212073,0.0249999999999999,16.111666666666668,0.8321935268638673,25.428333333333303,2024-11-02 04:35:00,,,,,,,,,,,,,,
,,,,,,,,,,,,,,,,,,,,,,,,,,,,PF_E01_C,PF_E02_C,12.0,13.0,22.442244608963343,0.081004315818132,4.4969127618715525,1.584722222222222,0.071535661258872,0.0224999999999999,12.677272727272731,1.2249717336832098,29.916666666666668,2024-11-02 04:37:00,,,,,,,,,,,,,,
,,,,,,,,,,,,,,,,,,,,,,,,,,,,PF_E01_C,PF_E02_C,12.0,13.0,25.1488321637594,0.4078609302611296,19.056151566523848,1.518181818181818,0.2001773111334199,0.0249999999999999,12.331666666666669,1.1140390891143557,28.062499999999964,2024-11-02 04:36:00,,,,,,,,,,,,,,
,,,,,,,,,,,,,,,,,,,,,,,,,,,,PF_E01_C,PF_E02_C,12.0,13.0,22.442244608963343,0.081004315818132,4.4969127618715525,1.584722222222222,0.071535661258872,0.0224999999999999,12.5469696969697,1.2187149099451315,29.725,2024-11-02 04:40:00,,,,,,,,,,,,,,
,,,,,,,,,,,,,,,,,,,,,,,,,,,,PF_E01_C,PF_E02_C,12.0,13.0,22.442244608963343,0.081004315818132,4.4969127618715525,1.584722222222222,0.071535661258872,0.0224999999999999,12.874242424242428,1.2134610697517318,30.316666666666663,2024-11-02 04:41:00,,,,,,,,,,,,,,
,,,,,,,,,,,,,,,,,,,,,,,,,,,,PF_E01_C,PF_E02_C,12.0,13.0,22.442244608963343,0.081004315818132,4.4969127618715525,1.584722222222222,0.071535661258872,0.0224999999999999,12.67424242424243,1.2082359328329393,29.758333333333336,2024-11-02 04:42:00,,,,,,,,,,,,,,
,,,,,,,,,,,,,,,,,,,,,,,,,,,,PF_E01_C,PF_E02_C,12.0,13.0,22.442244608963343,0.081004315818132,4.4969127618715525,1.584722222222222,0.071535661258872,0.0224999999999999,12.765151515151516,1.2006842323094462,29.925,2024-11-02 04:43:00,,,,,,,,,,,,,,
,,,,,,,,,,,,,,,,,,,,,,,,,,,,PF_E01_C,PF_E02_C,12.0,13.0,22.442244608963343,0.081004315818132,4.4969127618715525,1.584722222222222,0.071535661258872,0.0224999999999999,12.759090909090911,1.203380060981467,29.90833333333333,2024-11-02 04:44:00,,,,,,,,,,,,,,
,,,,,,,,,,,,,,,,,,,,,,,,,,,,PF_E01_C,PF_E02_C,12.0,13.0,23.85334664977967,0.2087202365790472,10.484940945492095,1.525,0.1456242444149759,0.0224999999999999,13.737878787878792,1.1008328271983907,28.758333333333333,2024-11-02 04:45:00,,,,,,,,,,,,,,
,,,,,,,,,,,,,,,,,,,,,,,,,,,,PF_E01_C,PF_E02_C,12.0,13.0,25.3093154863966,0.3541453725119324,17.660026589209284,1.4893939393939393,0.1948047617649516,0.0,11.903333333333332,0.9405437650702552,20.23916666666664,2024-11-02 04:46:00,,,,,,,,,,,,,,
,,,,,,,,,,,,,,,,,,,,,,,,,,,,PF_E01_C,PF_E02_C,12.0,13.0,22.51446263488965,0.0787377155592517,4.4969127618715525,1.5791666666666666,0.0694451520480973,0.0,12.948484848484853,1.0837541333450242,24.63333333333333,2024-11-02 04:49:00,,,,,,,,,,,,,,
,,,,,,,,,,,,,,,,,,,,,,,,,,,,PF_E01_C,PF_E02_C,12.0,13.0,22.59225237349743,0.0813401152651599,4.561654564525206,1.5742424242424242,0.0721732425792554,0.0,11.923333333333332,0.9374977880208072,20.39666666666664,2024-11-02 04:47:00,,,,,,,,,,,,,,
,,,,,,,,,,,,,,,,,,,,,,,,,,,,PF_E01_C,PF_E02_C,12.0,13.0,22.59225237349743,0.0813401152651599,4.561654564525206,1.5742424242424242,0.0721732425792554,0.0,11.823333333333332,0.9354629167109828,19.89749999999997,2024-11-02 04:48:00,,,,,,,,,,,,,,
,,,,,,,,,,,,,,,,,,,,,,,,,,,,PF_E01_C,PF_E02_C,4.0,5.0,11.45848081971376,1.2589273672889905,9.18026522144126,14.875,1.258927367288991,11.9175,,,,2024-11-02 07:08:00,,,,,,,,,,,,,,
,,,,,,,,,,,,,,,,,,,,,,,,,,,,PF_E01_C,PF_E02_C,12.0,13.0,12.431094171237312,1.182252607698143,9.352918471692837,9.45,1.182252607698143,7.110000000000001,10.54,1.1167854583732106,19.61,2024-11-02 06:59:00,,,,,,,,,,,,,,
,,,,,,,,,,,,,,,,,,,,,,,,,,,,PF_E01_C,PF_E02_C,12.0,13.0,12.32414944664797,1.204783846926124,9.449168723823243,10.466666666666669,1.2047838469261238,8.025,10.846666666666666,1.1604079366032434,21.03666666666666,2024-11-02 07:01:00,,,,,,,,,,,,,,
,,,,,,,,,,,,,,,,,,,,,,,,,,,,PF_E01_C,PF_E02_C,12.0,13.0,12.282228161634318,1.2137229201464217,9.48689788033553,10.933333333333334,1.2137229201464217,8.445,13.791666666666666,0.9784980649023064,21.052499999999995,2024-11-02 07:02:00,,,,,,,,,,,,,,
,,,,,,,,,,,,,,,,,,,,,,,,,,,,PF_E01_C,PF_E02_C,12.0,13.0,21.65877551020405,,0.0,1.6333333333333333,,0.0,,,,2024-11-02 07:16:00,,,,,,,,,,,,,,
,,,,,,,,,,,,,,,,,,,,,,,,,,,,PF_E01_C,PF_E02_C,12.0,13.0,1.1411612903225783,,0.0,31.0,,0.0,22.7,0.9386556977865476,13.56,2024-11-02 07:11:00,,,,,,,,,,,,,,
,,,,,,,,,,,,,,,,,,,,,,,,,,,,PF_E01_C,PF_E02_C,12.0,13.0,21.65877551020405,,0.0,1.6333333333333333,,0.0,,,,2024-11-02 07:17:00,,,,,,,,,,,,,,
,,,,,,,,,,,,,,,,,,,,,,,,,,,,PF_E01_C,PF_E02_C,12.0,13.0,1.3078003696857647,,0.0,27.05,,0.0,16.13888888888889,0.9756524187454912,20.399999999999995,2024-11-02 07:07:00,,,,,,,,,,,,,,
,,,,,,,,,,,,,,,,,,,,,,,,,,,,PF_E01_C,PF_E02_C,12.0,13.0,1.175933518005538,,0.0,30.08333333333333,,0.0,22.758333333333333,0.9077687201904194,13.1475,2024-11-02 07:10:00,,,,,,,,,,,,,,
,,,,,,,,,,,,,,,,,,,,,,,,,,,,PF_E01_C,PF_E02_C,12.0,13.0,1.408467153284669,,0.0,25.116666666666667,,0.0,16.28333333333333,0.9307763174778008,18.66,2024-11-02 07:05:00,,,,,,,,,,,,,,
,,,,,,,,,,,,,,,,,,,,,,,,,,,,PF_E01_C,PF_E02_C,12.0,13.0,21.65877551020405,,0.0,1.6333333333333333,,0.0,,,,2024-11-02 07:18:00,,,,,,,,,,,,,,
,,,,,,,,,,,,,,,,,,,,,,,,,,,,PF_E01_C,PF_E02_C,12.0,13.0,21.65877551020405,,0.0,1.6333333333333333,,0.0,,,,2024-11-02 07:19:00,,,,,,,,,,,,,,
,,,,,,,,,,,,,,,,,,,,,,,,,,,,PF_E01_C,PF_E02_C,12.0,13.0,21.65877551020405,,0.0,1.6333333333333333,,0.0,,,,2024-11-02 07:20:00,,,,,,,,,,,,,,
,,,,,,,,,,,,,,,,,,,,,,,,,,,,PF_E01_C,PF_E02_C,12.0,13.0,21.65877551020405,,0.0,1.6333333333333333,,0.0,,,,2024-11-02 07:26:00,,,,,,,,,,,,,,
,,,,,,,,,,,,,,,,,,,,,,,,,,,,PF_E01_C,PF_E02_C,12.0,13.0,21.65877551020405,,0.0,1.6333333333333333,,0.0,,,,2024-11-02 07:27:00,,,,,,,,,,,,,,
,,,,,,,,,,,,,,,,,,,,,,,,,,,,PF_E01_C,PF_E02_C,12.0,13.0,21.65877551020405,,0.0,1.6333333333333333,,0.0,,,,2024-11-02 07:22:00,,,,,,,,,,,,,,
,,,,,,,,,,,,,,,,,,,,,,,,,,,,PF_E01_C,PF_E02_C,12.0,13.0,21.65877551020405,,0.0,1.6333333333333333,,0.0,,,,2024-11-02 07:24:00,,,,,,,,,,,,,,
,,,,,,,,,,,,,,,,,,,,,,,,,,,,PF_E01_C,PF_E02_C,12.0,13.0,21.65877551020405,,0.0,1.6333333333333333,,0.0,,,,2024-11-02 07:25:00,,,,,,,,,,,,,,
,,,,,,,,,,,,,,,,,,,,,,,,,,,,PF_E01_C,PF_E02_C,12.0,13.0,21.65877551020405,,0.0,1.6333333333333333,,0.0,,,,2024-11-02 07:30:00,,,,,,,,,,,,,,
,,,,,,,,,,,,,,,,,,,,,,,,,,,,PF_E01_C,PF_E02_C,12.0,13.0,21.65877551020405,,0.0,1.6333333333333333,,0.0,,,,2024-11-02 07:23:00,,,,,,,,,,,,,,
,,,,,,,,,,,,,,,,,,,,,,,,,,,,PF_E01_C,PF_E02_C,12.0,13.0,21.65877551020405,,0.0,1.6333333333333333,,0.0,,,,2024-11-02 07:28:00,,,,,,,,,,,,,,
,,,,,,,,,,,,,,,,,,,,,,,,,,,,PF_E01_C,PF_E02_C,12.0,13.0,21.65877551020405,,0.0,1.6333333333333333,,0.0,,,,2024-11-02 07:31:00,,,,,,,,,,,,,,
,,,,,,,,,,,,,,,,,,,,,,,,,,,,PF_E01_C,PF_E02_C,12.0,13.0,21.65877551020405,,0.0,1.6333333333333333,,0.0,,,,2024-11-02 07:32:00,,,,,,,,,,,,,,
,,,,,,,,,,,,,,,,,,,,,,,,,,,,PF_E01_C,PF_E02_C,12.0,13.0,21.65877551020405,,0.0,1.6333333333333333,,0.0,,,,2024-11-02 07:33:00,,,,,,,,,,,,,,
,,,,,,,,,,,,,,,,,,,,,,,,,,,,PF_E01_C,PF_E02_C,12.0,13.0,21.65877551020405,,0.0,1.6333333333333333,,0.0,,,,2024-11-02 07:34:00,,,,,,,,,,,,,,
,,,,,,,,,,,,,,,,,,,,,,,,,,,,PF_E01_C,PF_E02_C,12.0,13.0,21.65877551020405,,0.0,1.6333333333333333,,0.0,,,,2024-11-02 07:35:00,,,,,,,,,,,,,,
,,,,,,,,,,,,,,,,,,,,,,,,,,,,PF_E01_C,PF_E02_C,12.0,13.0,21.65877551020405,,0.0,1.6333333333333333,,0.0,,,,2024-11-02 07:36:00,,,,,,,,,,,,,,
,,,,,,,,,,,,,,,,,,,,,,,,,,,,PF_E01_C,PF_E02_C,12.0,13.0,21.65877551020405,,0.0,1.6333333333333333,,0.0,,,,2024-11-02 07:37:00,,,,,,,,,,,,,,
,,,,,,,,,,,,,,,,,,,,,,,,,,,,PF_E01_C,PF_E02_C,12.0,13.0,21.65877551020405,,0.0,1.6333333333333333,,0.0,,,,2024-11-02 07:38:00,,,,,,,,,,,,,,
,,,,,,,,,,,,,,,,,,,,,,,,,,,,PF_E01_C,PF_E02_C,12.0,13.0,21.65877551020405,,0.0,1.6333333333333333,,0.0,,,,2024-11-02 07:43:00,,,,,,,,,,,,,,
,,,,,,,,,,,,,,,,,,,,,,,,,,,,PF_E01_C,PF_E02_C,12.0,13.0,21.65877551020405,,0.0,1.6333333333333333,,0.0,,,,2024-11-02 07:39:00,,,,,,,,,,,,,,
,,,,,,,,,,,,,,,,,,,,,,,,,,,,PF_E01_C,PF_E02_C,12.0,13.0,21.65877551020405,,0.0,1.6333333333333333,,0.0,,,,2024-11-02 07:40:00,,,,,,,,,,,,,,
,,,,,,,,,,,,,,,,,,,,,,,,,,,,PF_E01_C,PF_E02_C,12.0,13.0,21.65877551020405,,0.0,1.6333333333333333,,0.0,,,,2024-11-02 07:41:00,,,,,,,,,,,,,,
,,,,,,,,,,,,,,,,,,,,,,,,,,,,PF_E01_C,PF_E02_C,12.0,13.0,21.65877551020405,,0.0,1.6333333333333333,,0.0,,,,2024-11-02 07:44:00,,,,,,,,,,,,,,
,,,,,,,,,,,,,,,,,,,,,,,,,,,,PF_E01_C,PF_E02_C,12.0,13.0,21.65877551020405,,0.0,1.6333333333333333,,0.0,,,,2024-11-02 07:45:00,,,,,,,,,,,,,,
,,,,,,,,,,,,,,,,,,,,,,,,,,,,PF_E01_C,PF_E02_C,12.0,13.0,21.65877551020405,,0.0,1.6333333333333333,,0.0,,,,2024-11-02 07:47:00,,,,,,,,,,,,,,
,,,,,,,,,,,,,,,,,,,,,,,,,,,,PF_E01_C,PF_E02_C,12.0,13.0,21.65877551020405,,0.0,1.6333333333333333,,0.0,,,,2024-11-02 07:48:00,,,,,,,,,,,,,,
,,,,,,,,,,,,,,,,,,,,,,,,,,,,PF_E01_C,PF_E02_C,12.0,13.0,21.65877551020405,,0.0,1.6333333333333333,,0.0,,,,2024-11-02 07:49:00,,,,,,,,,,,,,,
,,,,,,,,,,,,,,,,,,,,,,,,,,,,PF_E01_C,PF_E02_C,12.0,13.0,21.65877551020405,,0.0,1.6333333333333333,,0.0,,,,2024-11-02 07:50:00,,,,,,,,,,,,,,
,,,,,,,,,,,,,,,,,,,,,,,,,,,,PF_E01_C,PF_E02_C,12.0,13.0,21.65877551020405,,0.0,1.6333333333333333,,0.0,,,,2024-11-02 07:51:00,,,,,,,,,,,,,,
,,,,,,,,,,,,,,,,,,,,,,,,,,,,PF_E01_C,PF_E02_C,4.0,5.0,21.65877551020405,,0.0,1.6333333333333333,,0.0,,,,2024-11-02 08:06:00,,,,,,,,,,,,,,
,,,,,,,,,,,,,,,,,,,,,,,,,,,,PF_E01_C,PF_E02_C,4.0,5.0,21.65877551020405,,0.0,1.6333333333333333,,0.0,,,,2024-11-02 08:07:00,,,,,,,,,,,,,,
,,,,,,,,,,,,,,,,,,,,,,,,,,,,PF_E01_C,PF_E02_C,4.0,5.0,21.65877551020405,,0.0,1.6333333333333333,,0.0,,,,2024-11-02 08:09:00,,,,,,,,,,,,,,
,,,,,,,,,,,,,,,,,,,,,,,,,,,,PF_E01_C,PF_E02_C,4.0,5.0,21.65877551020405,,0.0,1.6333333333333333,,0.0,,,,2024-11-02 08:12:00,,,,,,,,,,,,,,
,,,,,,,,,,,,,,,,,,,,,,,,,,,,PF_E01_C,PF_E02_C,4.0,5.0,21.65877551020405,,0.0,1.6333333333333333,,0.0,,,,2024-11-02 08:13:00,,,,,,,,,,,,,,
,,,,,,,,,,,,,,,,,,,,,,,,,,,,PF_E01_C,PF_E02_C,4.0,5.0,21.65877551020405,,0.0,1.6333333333333333,,0.0,,,,2024-11-02 08:15:00,,,,,,,,,,,,,,
,,,,,,,,,,,,,,,,,,,,,,,,,,,,PF_E01_C,PF_E02_C,4.0,5.0,21.65877551020405,,0.0,1.6333333333333333,,0.0,,,,2024-11-02 08:14:00,,,,,,,,,,,,,,
,,,,,,,,,,,,,,,,,,,,,,,,,,,,PF_E01_C,PF_E02_C,4.0,5.0,21.65877551020405,,0.0,1.6333333333333333,,0.0,,,,2024-11-02 08:18:00,,,,,,,,,,,,,,
,,,,,,,,,,,,,,,,,,,,,,,,,,,,PF_E01_C,PF_E02_C,4.0,5.0,21.65877551020405,,0.0,1.6333333333333333,,0.0,,,,2024-11-02 08:20:00,,,,,,,,,,,,,,
,,,,,,,,,,,,,,,,,,,,,,,,,,,,PF_E01_C,PF_E02_C,4.0,5.0,21.65877551020405,,0.0,1.6333333333333333,,0.0,,,,2024-11-02 08:22:00,,,,,,,,,,,,,,
,,,,,,,,,,,,,,,,,,,,,,,,,,,,PF_E01_C,PF_E02_C,4.0,5.0,21.65877551020405,,0.0,1.6333333333333333,,0.0,,,,2024-11-02 08:23:00,,,,,,,,,,,,,,
,,,,,,,,,,,,,,,,,,,,,,,,,,,,PF_E01_C,PF_E02_C,4.0,5.0,21.65877551020405,,0.0,1.6333333333333333,,0.0,,,,2024-11-02 08:24:00,,,,,,,,,,,,,,
,,,,,,,,,,,,,,,,,,,,,,,,,,,,PF_E01_C,PF_E02_C,4.0,5.0,21.65877551020405,,0.0,1.6333333333333333,,0.0,,,,2024-11-02 08:25:00,,,,,,,,,,,,,,
,,,,,,,,,,,,,,,,,,,,,,,,,,,,PF_E01_C,PF_E02_C,4.0,5.0,21.65877551020405,,0.0,1.6333333333333333,,0.0,,,,2024-11-02 08:26:00,,,,,,,,,,,,,,
,,,,,,,,,,,,,,,,,,,,,,,,,,,,PF_E01_C,PF_E02_C,4.0,5.0,21.65877551020405,,0.0,1.6333333333333333,,0.0,,,,2024-11-02 08:28:00,,,,,,,,,,,,,,
,,,,,,,,,,,,,,,,,,,,,,,,,,,,PF_E01_C,PF_E02_C,4.0,5.0,21.65877551020405,,0.0,1.6333333333333333,,0.0,,,,2024-11-02 08:35:00,,,,,,,,,,,,,,
,,,,,,,,,,,,,,,,,,,,,,,,,,,,PF_E01_C,PF_E02_C,4.0,5.0,21.65877551020405,,0.0,1.6333333333333333,,0.0,,,,2024-11-02 08:29:00,,,,,,,,,,,,,,
,,,,,,,,,,,,,,,,,,,,,,,,,,,,,,,,,,,,,,,,,,PF_E01_C,PF_E02_C,4.0,5.0,21.65877551020405,,0.0,1.6333333333333333,,0.0,,,,2024-11-02 08:30:00
,,,,,,,,,,,,,,,,,,,,,,,,,,,,,,,,,,,,,,,,,,PF_E01_C,PF_E02_C,4.0,5.0,21.65877551020405,,0.0,1.6333333333333333,,0.0,,,,2024-11-02 08:33:00
,,,,,,,,,,,,,,,,,,,,,,,,,,,,,,,,,,,,,,,,,,PF_E01_C,PF_E02_C,4.0,5.0,21.65877551020405,,0.0,1.6333333333333333,,0.0,,,,2024-11-02 08:34:00
,,,,,,,,,,,,,,,,,,,,,,,,,,,,,,,,,,,,,,,,,,PF_E01_C,PF_E02_C,12.0,13.0,21.65877551020405,0.0,0.0,1.6333333333333333,0.0,0.0,20.32777777777778,0.8854727813443578,26.085,2024-11-02 11:41:37
,,,,,,,,,,,,,,,,,,,,,,,,,,,,,,,,,,,,,,,,,,PF_E01_C,PF_E02_C,12.0,13.0,21.65877551020405,0.0,0.0,1.6333333333333333,0.0,0.0,20.22777777777777,0.8813410921676024,25.815,2024-11-02 11:43:00
,,,,,,,,,,,,,,,,,,,,,,,,,,,,,,,,,,,,,,,,,,PF_E01_C,PF_E02_C,12.0,13.0,21.65877551020405,0.0,0.0,1.6333333333333333,0.0,0.0,20.244444444444444,0.882032469774256,25.86,2024-11-02 11:48:00
,,,,,,,,,,,,,,,,,,,,,,,,,,,,,,,,,,,,,,,,,,PF_E01_C,PF_E02_C,12.0,13.0,21.65877551020405,0.0,0.0,1.6333333333333333,0.0,0.0,20.344444444444445,0.8861575464220115,26.129999999999995,2024-11-02 11:45:00
,,,,,,,,,,,,,,,,,,,,,,,,,,,,,,,,,,,,,,,,,,PF_E01_C,PF_E02_C,12.0,13.0,21.65877551020405,0.0,0.0,1.6333333333333335,1.6649877006251241e-16,0.0,19.445833333333333,1.0445790355076616,34.11583333333332,2024-11-02 11:51:00
,,,,,,,,,,,,,,,,,,,,,,,,,,,,,,,,,,,,,,,,,,PF_E01_C,PF_E02_C,12.0,13.0,21.65877551020405,0.0,0.0,1.6333333333333335,1.664987700625124e-16,0.0,19.516666666666666,1.0480154914858542,34.356666666666655,2024-11-02 11:53:00
,,,,,,,,,,,,,,,,,,,,,,,,,,,,,,,,,,,,,,,,,,PF_E01_C,PF_E02_C,12.0,13.0,21.65877551020405,0.0,0.0,1.6333333333333335,1.6649877006251241e-16,0.0,19.516666666666666,1.0480154914858542,34.356666666666655,2024-11-02 11:54:00
,,,,,,,,,,,,,,,,,,,,,,,,,,,,,,,,,,,,,,,,,,PF_E01_C,PF_E02_C,12.0,13.0,21.65877551020405,0.0,0.0,1.6333333333333335,1.664987700625124e-16,0.0,19.508333333333333,1.0476124754325131,34.32833333333332,2024-11-02 11:56:00
,,,,,,,,,,,,,,,,,,,,,,,,,,,,,,,,,,,,,,,,,,PF_E01_C,PF_E02_C,12.0,13.0,21.65877551020405,0.0,0.0,1.6333333333333333,0.0,0.0,18.976666666666667,1.1791134424328802,41.50666666666666,2024-11-02 11:57:00
,,,,,,,,,,,,,,,,,,,,,,,,,,,,,,,,,,,,,,,,,,PF_E01_C,PF_E02_C,12.0,13.0,21.65877551020405,0.0,0.0,1.6333333333333333,0.0,0.0,19.076666666666664,1.1846191816680411,41.90666666666666,2024-11-02 11:58:00
,,,,,,,,,,,,,,,,,,,,,,,,,,,,,,,,,,,,,,,,,,PF_E01_C,PF_E02_C,12.0,13.0,21.65877551020405,0.0,0.0,1.6333333333333333,0.0,0.0,19.236666666666668,1.1934641761239675,42.55999999999999,2024-11-02 11:59:00
,,,,,,,,,,,,,,,,,,,,,,,,,,,,,,,,,,,,,,,,,,PF_E01_C,PF_E02_C,12.0,13.0,21.65877551020405,0.0,0.0,1.6333333333333333,0.0,0.0,19.426666666666662,1.2035972627857736,43.31999999999999,2024-11-02 12:00:00
,,,,,,,,,,,,,,,,,,,,,,,,,,,,,,,,,,,,,,,,,,PF_E01_C,PF_E02_C,12.0,13.0,26.33893988239359,0.8660678941139971,34.12897959183667,4.04,1.486490386640586,10.493333333333332,17.113333333333333,0.7747287527251837,26.58333333333333,2024-11-02 12:01:00
,,,,,,,,,,,,,,,,,,,,,,,,,,,,,,,,,,,,,,,,,,PF_E01_C,PF_E02_C,12.0,13.0,18.9930109029913,0.5059526891569387,4.725551020408151,4.156666666666666,1.40496415138475,10.373333333333331,16.96666666666667,0.7734357624498694,26.346666666666664,2024-11-02 12:02:00
,,,,,,,,,,,,,,,,,,,,,,,,,,,,,,,,,,,,,,,,,,PF_E01_C,PF_E02_C,12.0,13.0,18.605792949405835,0.4930051546541062,3.131389230390944,4.11,1.381698581054548,10.106666666666666,16.946666666666665,0.768735548233235,26.126666666666665,2024-11-02 12:03:00
,,,,,,,,,,,,,,,,,,,,,,,,,,,,,,,,,,,,,,,,,,PF_E01_C,PF_E02_C,12.0,13.0,18.59669340383437,0.4943217179921479,3.131389230390944,4.163333333333333,1.392638167098998,10.32,16.946666666666665,0.7725910903146217,26.28666666666666,2024-11-02 12:04:00
,,,,,,,,,,,,,,,,,,,,,,,,,,,,,,,,,,,,,,,,,,PF_E01_C,PF_E02_C,12.0,13.0,19.11754058346227,0.433710269716189,2.9356774034915105,3.6805555555555554,1.3960114061885798,9.4,16.788888888888888,0.8968790654622159,31.45,2024-11-02 12:05:00
,,,,,,,,,,,,,,,,,,,,,,,,,,,,,,,,,,,,,,,,,,PF_E01_C,PF_E02_C,12.0,13.0,19.11901468583049,0.4334913701724821,2.9356774034915105,3.672222222222222,1.3936218164958998,9.3625,16.788888888888888,0.8960763605497013,31.425,2024-11-02 12:06:00
,,,,,,,,,,,,,,,,,,,,,,,,,,,,,,,,,,,,,,,,,,PF_E01_C,PF_E02_C,12.0,13.0,19.14026053675376,0.4303405011029413,2.9356774034915105,3.5583333333333336,1.3598432800729658,8.850000000000001,16.788888888888888,0.8854347610100801,31.08333333333333,2024-11-02 12:07:00
,,,,,,,,,,,,,,,,,,,,,,,,,,,,,,,,,,,,,,,,,,PF_E01_C,PF_E02_C,12.0,13.0,19.176197985752044,0.4250281020201302,2.9356774034915105,3.388888888888889,1.3053895679887753,8.0875,16.788888888888888,0.8707705874836212,30.575,2024-11-02 12:08:00
,,,,,,,,,,,,,,,,,,,,,,,,,,,,,,,,,,,,,,,,,,PF_E01_C,PF_E02_C,12.0,13.0,19.18265847061713,0.4240753936812255,2.9356774034915105,3.3611111111111107,1.2959394481777886,7.9625,16.78888888888889,0.8685077724282932,30.458333333333336,2024-11-02 12:09:00
,,,,,,,,,,,,,,,,,,,,,,,,,,,,,,,,,,,,,,,,,,PF_E01_C,PF_E02_C,12.0,13.0,19.176836219135893,0.4249339524433275,2.9356774034915105,3.386111111111111,1.3044515258977345,8.075000000000001,16.788888888888888,0.8705457932618208,30.53333333333333,2024-11-02 12:10:00
,,,,,,,,,,,,,,,,,,,,,,,,,,,,,,,,,,,,,,,,,,PF_E01_C,PF_E02_C,12.0,13.0,19.187286414102218,0.4233933556457155,2.9356774034915105,3.3416666666666663,1.2892309836201048,7.875,16.788888888888888,0.866944796137695,30.40000000000001,2024-11-02 12:12:00
,,,,,,,,,,,,,,,,,,,,,,,,,,,,,,,,,,,,,,,,,,PF_E01_C,PF_E02_C,12.0,13.0,22.311148266535493,0.0716225070989233,2.9356774034915105,1.5916666666666666,0.0641227681356852,0.0,18.07619047619048,0.9657526940904776,37.83666666666666,2024-11-02 12:13:00
,,,,,,,,,,,,,,,,,,,,,,,,,,,,,,,,,,,,,,,,,,PF_E01_C,PF_E02_C,12.0,13.0,22.217952158488146,0.0665877007818269,2.7399655765920734,1.5976190476190475,0.0591449622443649,0.0,16.7125,1.0528773914669438,38.40083333333333,2024-11-02 12:14:00
,,,,,,,,,,,,,,,,,,,,,,,,,,,,,,,,,,,,,,,,,,PF_E01_C,PF_E02_C,12.0,13.0,22.217952158488146,0.0665877007818269,2.7399655765920734,1.5976190476190475,0.0591449622443649,0.0,16.975,1.0425618022995302,38.77833333333333,2024-11-02 12:15:00
,,,,,,,,,,,,,,,,,,,,,,,,,,,,,,,,,,,,,,,,,,PF_E01_C,PF_E02_C,12.0,13.0,22.311148266535493,0.0716225070989233,2.9356774034915105,1.5916666666666666,0.0641227681356852,0.0,18.152380952380952,0.9619491896638728,37.80333333333333,2024-11-02 12:17:00
,,,,,,,,,,,,,,,,,,,,,,,,,,,,,,,,,,,,,,,,,,PF_E01_C,PF_E02_C,12.0,13.0,21.65877551020405,0.0,0.0,1.6333333333333333,0.0,0.0,15.316666666666665,1.1222969592221497,32.13333333333333,2024-11-02 12:19:00
,,,,,,,,,,,,,,,,,,,,,,,,,,,,,,,,,,,,,,,,,,PF_E01_C,PF_E02_C,12.0,13.0,21.65877551020405,0.0,0.0,1.6333333333333333,0.0,0.0,15.008333333333333,1.1437897498690923,31.808333333333337,2024-11-02 12:20:00
,,,,,,,,,,,,,,,,,,,,,,,,,,,,,,,,,,,,,,,,,,PF_E01_C,PF_E02_C,12.0,13.0,21.65877551020405,0.0,0.0,1.633333333333333,1.4892102721195392e-16,0.0,15.152380952380952,1.2413553658878045,35.2233333333333,2024-11-02 12:22:00
,,,,,,,,,,,,,,,,,,,,,,,,,,,,,,,,,,,,,,,,,,PF_E01_C,PF_E02_C,12.0,13.0,21.65877551020405,0.0,0.0,1.633333333333333,1.4892102721195392e-16,0.0,14.97142857142857,1.24336564347741,34.65166666666663,2024-11-02 12:23:00
,,,,,,,,,,,,,,,,,,,,,,,,,,,,,,,,,,,,,,,,,,PF_E01_C,PF_E02_C,12.0,13.0,21.65877551020405,0.0,0.0,1.633333333333333,1.4892102721195392e-16,0.0,14.866666666666664,1.2368980281417248,34.01666666666664,2024-11-02 12:24:00
,,,,,,,,,,,,,,,,,,,,,,,,,,,,,,,,,,,,,,,,,,PF_E01_C,PF_E02_C,12.0,13.0,21.65877551020405,0.0,0.0,1.633333333333333,1.4892102721195392e-16,0.0,14.997619047619049,1.2349710318225706,34.349999999999966,2024-11-02 12:25:00
,,,,,,,,,,,,,,,,,,,,,,,,,,,,,,,,,,,,,,,,,,PF_E01_C,PF_E02_C,12.0,13.0,21.65877551020405,0.0,0.0,1.633333333333333,1.4892102721195392e-16,0.0,15.114285714285714,1.2317669088199064,34.86666666666663,2024-11-02 12:26:00
,,,,,,,,,,,,,,,,,,,,,,,,,,,,,,,,,,,,,,,,,,PF_E01_C,PF_E02_C,12.0,13.0,21.65877551020405,0.0,0.0,1.633333333333333,1.4892102721195392e-16,0.0,14.940476190476192,1.235504686169858,34.20499999999996,2024-11-02 12:27:00
,,,,,,,,,,,,,,,,,,,,,,,,,,,,,,,,,,,,,,,,,,PF_E01_C,PF_E02_C,12.0,13.0,21.65877551020405,0.0,0.0,1.633333333333333,1.4892102721195392e-16,0.0,14.966666666666669,1.2346320027822335,34.33666666666663,2024-11-02 12:28:00
,,,,,,,,,,,,,,,,,,,,,,,,,,,,,,,,,,,,,,,,,,PF_E01_C,PF_E02_C,12.0,13.0,21.658775510204045,1.771738828382778e-16,0.0,1.633333333333333,1.4683811306117808e-16,0.0,14.885416666666668,1.3382581040905277,36.51916666666664,2024-11-02 12:29:00
,,,,,,,,,,,,,,,,,,,,,,,,,,,,,,,,,,,,,,,,,,PF_E01_C,PF_E02_C,12.0,13.0,19.67263705482189,0.3028783253379852,0.0,2.4907407407407405,1.03271375464684,4.629999999999997,14.625925925925925,1.1447042521393018,35.94666666666666,2024-11-02 12:30:00
,,,,,,,,,,,,,,,,,,,,,,,,,,,,,,,,,,,,,,,,,,PF_E01_C,PF_E02_C,12.0,13.0,19.392159468438507,0.3305953782170872,0.0,2.6833333333333336,1.106775831422422,5.459999999999996,15.58125,1.0801400608939338,35.837499999999984,2024-11-02 12:31:01
,,,,,,,,,,,,,,,,,,,,,,,,,,,,,,,,,,,,,,,,,,PF_E01_C,PF_E02_C,12.0,13.0,19.40574363992169,0.3283840378945648,0.0,2.645833333333333,1.082374474509172,5.264999999999995,15.589583333333334,1.081970317276414,35.80499999999998,2024-11-02 12:32:00
,,,,,,,,,,,,,,,,,,,,,,,,,,,,,,,,,,,,,,,,,,PF_E01_C,PF_E02_C,12.0,13.0,19.38144477888397,0.3323417880333422,0.0,2.7145833333333336,1.1265953014146377,5.622499999999995,15.452083333333334,1.082123485519202,35.447499999999984,2024-11-02 12:33:00
,,,,,,,,,,,,,,,,,,,,,,,,,,,,,,,,,,,,,,,,,,PF_E01_C,PF_E02_C,12.0,13.0,19.356497273718617,0.3364155260481802,0.0,2.79375,1.1748202151257476,6.034166666666662,15.372916666666669,1.0763936947615609,35.146666666666654,2024-11-02 12:34:00
,,,,,,,,,,,,,,,,,,,,,,,,,,,,,,,,,,,,,,,,,,PF_E01_C,PF_E02_C,12.0,13.0,21.658775510204045,1.771738828382778e-16,0.0,1.633333333333333,1.4683811306117808e-16,0.0,14.171428571428573,1.2261881890861277,31.93166666666664,2024-11-02 12:35:00
,,,,,,,,,,,,,,,,,,,,,,,,,,,,,,,,,,,,,,,,,,PF_E01_C,PF_E02_C,12.0,13.0,21.658775510204045,1.771738828382778e-16,0.0,1.633333333333333,1.4683811306117808e-16,0.0,14.176190476190476,1.23145265038907,32.02166666666663,2024-11-02 12:36:00
,,,,,,,,,,,,,,,,,,,,,,,,,,,,,,,,,,,,,,,,,,PF_E01_C,PF_E02_C,12.0,13.0,21.65877551020405,0.0,0.0,1.6333333333333333,0.0,0.0,14.225,1.3408924534540376,34.73249999999997,2024-11-02 12:37:00
,,,,,,,,,,,,,,,,,,,,,,,,,,,,,,,,,,,,,,,,,,PF_E01_C,PF_E02_C,12.0,13.0,21.65877551020405,0.0,0.0,1.6333333333333333,0.0,0.0,14.24375,1.3396282273369875,34.76499999999997,2024-11-02 12:38:00
,,,,,,,,,,,,,,,,,,,,,,,,,,,,,,,,,,,,,,,,,,PF_E01_C,PF_E02_C,12.0,13.0,21.65877551020405,0.0,0.0,1.6333333333333333,0.0,0.0,14.283333333333331,1.3274310310147532,34.602499999999964,2024-11-02 12:40:00
,,,,,,,,,,,,,,,,,,,,,,,,,,,,,,,,,,,,,,,,,,PF_E01_C,PF_E02_C,12.0,13.0,21.65877551020405,0.0,0.0,1.6333333333333333,0.0,0.0,14.947916666666668,1.0939773014337295,34.12583333333332,2024-11-02 12:42:00
,,,,,,,,,,,,,,,,,,,,,,,,,,,,,,,,,,,,,,,,,,PF_E01_C,PF_E02_C,12.0,13.0,21.65877551020405,0.0,0.0,1.6333333333333333,0.0,0.0,15.129166666666668,1.0912587385686927,34.62666666666665,2024-11-02 12:41:00
,,,,,,,,,,,,,,,,,,,,,,,,,,,,,,,,,,,,,,,,,,PF_E01_C,PF_E02_C,12.0,13.0,21.65877551020405,0.0,0.0,1.6333333333333333,0.0,0.0,14.741666666666667,1.0938600492269348,33.539999999999985,2024-11-02 12:43:00
,,,,,,,,,,,,,,,,,,,,,,,,,,,,,,,,,,,,,,,,,,PF_E01_C,PF_E02_C,12.0,13.0,21.65877551020405,0.0,0.0,1.6333333333333333,0.0,0.0,13.829166666666667,0.7191468785823304,21.23083333333333,2024-11-02 12:44:00
,,,,,,,,,,,,,,,,,,,,,,,,,,,,,,,,,,,,,,,,,,PF_E01_C,PF_E02_C,12.0,13.0,21.65877551020405,0.0,0.0,1.6333333333333333,0.0,0.0,14.055555555555555,0.8411252932657505,25.50999999999999,2024-11-02 12:45:00
,,,,,,,,,,,,,,,,,,,,,,,,,,,,,,,,,,,,,,,,,,PF_E01_C,PF_E02_C,12.0,13.0,21.65877551020405,0.0,0.0,1.6333333333333333,0.0,0.0,14.044444444444444,0.8460838875758918,25.57,2024-11-02 12:46:00
,,,,,,,,,,,,,,,,,,,,,,,,,,,,,,,,,,,,,,,,,,PF_E01_C,PF_E02_C,12.0,13.0,21.65877551020405,0.0,0.0,1.6333333333333333,0.0,0.0,13.992592592592592,0.8426305692226203,25.38333333333333,2024-11-02 12:47:00
,,,,,,,,,,,,,,,,,,,,,,,,,,,,,,,,,,,,,,,,,,PF_E01_C,PF_E02_C,12.0,13.0,21.65877551020405,0.0,0.0,1.6333333333333333,0.0,0.0,14.04074074074074,0.8375701494761397,25.416666666666657,2024-11-02 12:48:00
,,,,,,,,,,,,,,,,,,,,,,,,,,,,,,,,,,,,,,,,,,PF_E01_C,PF_E02_C,12.0,13.0,22.275834641548894,0.0831024930747921,3.3321193092621577,1.5962962962962963,0.0696055684454756,0.0,13.914814814814816,0.8525400338121963,25.50999999999999,2024-11-02 12:49:00
,,,,,,,,,,,,,,,,,,,,,,,,,,,,,,,,,,,,,,,,,,PF_E01_C,PF_E02_C,12.0,13.0,24.612244897959144,0.36,15.948734693877515,1.5333333333333332,0.1956521739130435,0.0,12.64074074074074,0.8751514302381104,22.10999999999999,2024-11-02 12:50:00
,,,,,,,,,,,,,,,,,,,,,,,,,,,,,,,,,,,,,,,,,,PF_E01_C,PF_E02_C,12.0,13.0,21.78815887645377,0.017814726840855,0.6986701777485145,1.6240740740740742,0.0171037628278221,0.0,12.725925925925926,0.8695685212753398,22.256666666666657,2024-11-02 12:51:00
,,,,,,,,,,,,,,,,,,,,,,,,,,,,,,,,,,,,,,,,,,PF_E01_C,PF_E02_C,12.0,13.0,21.78815887645377,0.017814726840855,0.6986701777485145,1.6240740740740742,0.0171037628278221,0.0,12.781481481481482,0.865020979396222,22.333333333333325,2024-11-02 12:52:00
,,,,,,,,,,,,,,,,,,,,,,,,,,,,,,,,,,,,,,,,,,PF_E01_C,PF_E02_C,12.0,13.0,21.7752205398288,0.0169105757228255,0.6404476629361397,1.625,0.0162168085136839,0.0,12.943333333333332,1.003868769789352,25.017499999999963,2024-11-02 12:53:00
,,,,,,,,,,,,,,,,,,,,,,,,,,,,,,,,,,,,,,,,,,PF_E01_C,PF_E02_C,12.0,13.0,21.91609459664756,0.026618921882566,1.4152549754393,1.615151515151515,0.0254669267551561,0.0,15.343333333333334,0.8824271409512154,31.341666666666644,2024-11-02 12:54:00
,,,,,,,,,,,,,,,,,,,,,,,,,,,,,,,,,,,,,,,,,,PF_E01_C,PF_E02_C,12.0,13.0,21.91609459664756,0.026618921882566,1.4152549754393,1.615151515151515,0.0254669267551561,0.0,15.306666666666668,0.8839568302320187,31.33249999999998,2024-11-02 12:55:00
,,,,,,,,,,,,,,,,,,,,,,,,,,,,,,,,,,,,,,,,,,PF_E01_C,PF_E02_C,12.0,13.0,24.33256955026536,0.3267296336603558,14.123642072213476,1.5333333333333334,0.175064125437289,0.0,13.973333333333334,0.9658337276243426,29.420833333333302,2024-11-02 12:56:00
,,,,,,,,,,,,,,,,,,,,,,,,,,,,,,,,,,,,,,,,,,PF_E01_C,PF_E02_C,12.0,13.0,22.02195371448824,0.0288509878352892,1.4152549754393,1.6075757575757577,0.0279592779909355,0.0,13.913333333333332,0.952778397605756,28.82166666666664,2024-11-02 12:57:00
,,,,,,,,,,,,,,,,,,,,,,,,,,,,,,,,,,,,,,,,,,PF_E01_C,PF_E02_C,12.0,13.0,21.61056328067289,0.0574267318453502,1.4152549754393,1.6424242424242423,0.063754665272358,0.1499999999999999,13.983333333333334,0.937698730393246,28.55666666666664,2024-11-02 12:58:00
,,,,,,,,,,,,,,,,,,,,,,,,,,,,,,,,,,,,,,,,,,PF_E01_C,PF_E02_C,12.0,13.0,21.61056328067289,0.0574267318453502,1.4152549754393,1.6424242424242423,0.063754665272358,0.1499999999999999,13.943333333333332,0.942945078430164,28.64666666666664,2024-11-02 12:59:00
,,,,,,,,,,,,,,,,,,,,,,,,,,,,,,,,,,,,,,,,,,PF_E01_C,PF_E02_C,12.0,13.0,21.61056328067289,0.0574267318453502,1.4152549754393,1.6424242424242423,0.063754665272358,0.1499999999999999,16.013333333333335,0.7929764449849963,24.83166666666664,2024-11-02 13:00:00
,,,,,,,,,,,,,,,,,,,,,,,,,,,,,,,,,,,,,,,,,,PF_E01_C,PF_E02_C,12.0,13.0,21.614580966467155,0.0547478494717232,1.3901745075201255,1.6416666666666666,0.06083674572285,0.1349999999999998,16.10909090909091,0.9056821125990292,30.633333333333333,2024-11-02 13:01:00
,,,,,,,,,,,,,,,,,,,,,,,,,,,,,,,,,,,,,,,,,,PF_E01_C,PF_E02_C,12.0,13.0,21.614580966467155,0.0547478494717232,1.3901745075201255,1.6416666666666666,0.06083674572285,0.1349999999999998,16.20909090909091,0.900955661600264,30.833333333333336,2024-11-02 13:02:00
,,,,,,,,,,,,,,,,,,,,,,,,,,,,,,,,,,,,,,,,,,PF_E01_C,PF_E02_C,12.0,13.0,22.077375314975782,0.0907611890731904,3.4154222919937105,1.6138888888888887,0.087054168476085,0.1349999999999998,16.112121212121213,0.9039099844712064,30.8,2024-11-02 13:03:00
,,,,,,,,,,,,,,,,,,,,,,,,,,,,,,,,,,,,,,,,,,PF_E01_C,PF_E02_C,12.0,13.0,23.740349673950146,0.3147418661609271,12.395483830455216,1.5680555555555555,0.1761992473987948,0.1349999999999998,13.530303030303031,1.0980462529638584,28.675,2024-11-02 13:04:00
,,,,,,,,,,,,,,,,,,,,,,,,,,,,,,,,,,,,,,,,,,PF_E01_C,PF_E02_C,12.0,13.0,21.54288967768014,0.0536394597106025,1.0430501589791668,1.646969696969697,0.0605179176828753,0.1499999999999999,13.871666666666666,1.1025902483542551,30.00749999999996,2024-11-02 13:05:00
,,,,,,,,,,,,,,,,,,,,,,,,,,,,,,,,,,,,,,,,,,PF_E01_C,PF_E02_C,12.0,13.0,20.73502694603978,0.1245574227107804,0.582225148123765,1.7393939393939393,0.1701302247185792,0.625,14.038333333333336,1.0937824267977874,30.54166666666662,2024-11-02 13:06:00
,,,,,,,,,,,,,,,,,,,,,,,,,,,,,,,,,,,,,,,,,,PF_E01_C,PF_E02_C,12.0,13.0,20.383457053566666,0.1800948886192713,0.582225148123765,1.8318181818181816,0.3244059827864486,1.1333333333333333,13.781666666666666,1.090219053485883,29.40499999999996,2024-11-02 13:07:00
,,,,,,,,,,,,,,,,,,,,,,,,,,,,,,,,,,,,,,,,,,PF_E01_C,PF_E02_C,12.0,13.0,20.28747909213416,0.1959690449640246,0.582225148123765,1.871212121212121,0.3866467557695939,1.35,15.731666666666666,0.977965323744543,33.37666666666664,2024-11-02 13:08:00
,,,,,,,,,,,,,,,,,,,,,,,,,,,,,,,,,,,,,,,,,,PF_E01_C,PF_E02_C,12.0,13.0,20.40175379363998,0.1868129516456828,0.5240026333113867,1.8513888888888888,0.3744420444600231,1.2449999999999983,15.740909090909092,1.0721257973297718,36.66666666666667,2024-11-02 13:09:00
,,,,,,,,,,,,,,,,,,,,,,,,,,,,,,,,,,,,,,,,,,PF_E01_C,PF_E02_C,12.0,13.0,20.40175379363998,0.1868129516456828,0.5240026333113867,1.8513888888888888,0.3744420444600231,1.2449999999999983,15.592424242424244,1.0746419414775856,36.48333333333333,2024-11-02 13:10:00
,,,,,,,,,,,,,,,,,,,,,,,,,,,,,,,,,,,,,,,,,,PF_E01_C,PF_E02_C,12.0,13.0,22.36026008977545,0.3631223514555735,11.21638166206768,1.7805555555555557,0.4256811283645713,1.2449999999999983,12.916666666666668,0.9788644273430236,27.016666666666666,2024-11-02 13:11:00
,,,,,,,,,,,,,,,,,,,,,,,,,,,,,,,,,,,,,,,,,,PF_E01_C,PF_E02_C,12.0,13.0,20.67779701092689,0.1946348795987268,2.1310810362854724,1.8333333333333333,0.3830166158589495,1.2449999999999983,12.843939393939396,0.9761677088158331,26.666666666666664,2024-11-02 13:12:00
,,,,,,,,,,,,,,,,,,,,,,,,,,,,,,,,,,,,,,,,,,PF_E01_C,PF_E02_C,12.0,13.0,20.19036934796982,0.1884856802619623,0.5240026333113867,1.8694444444444445,0.3690163392467925,1.2449999999999983,12.695454545454544,0.9889137345471126,26.55,2024-11-02 13:13:00
,,,,,,,,,,,,,,,,,,,,,,,,,,,,,,,,,,,,,,,,,,PF_E01_C,PF_E02_C,12.0,13.0,20.19036934796982,0.1884856802619623,0.5240026333113867,1.8694444444444445,0.3690163392467925,1.2449999999999983,12.665151515151518,0.9830316038359586,26.333333333333336,2024-11-02 13:14:00
,,,,,,,,,,,,,,,,,,,,,,,,,,,,,,,,,,,,,,,,,,PF_E01_C,PF_E02_C,12.0,13.0,20.19036934796982,0.1884856802619623,0.5240026333113867,1.8694444444444445,0.3690163392467925,1.2449999999999983,12.628787878787875,0.9688653438895222,26.008333333333333,2024-11-02 13:15:00
,,,,,,,,,,,,,,,,,,,,,,,,,,,,,,,,,,,,,,,,,,PF_E01_C,PF_E02_C,12.0,13.0,20.19036934796982,0.1884856802619623,0.5240026333113867,1.8694444444444445,0.3690163392467925,1.2449999999999983,12.625757575757577,0.949298855968744,25.791666666666664,2024-11-02 13:16:00
,,,,,,,,,,,,,,,,,,,,,,,,,,,,,,,,,,,,,,,,,,PF_E01_C,PF_E02_C,12.0,13.0,20.303323668141687,0.1805748984277037,0.4657801184990084,1.851282051282052,0.3585217131446184,1.139999999999997,14.331944444444444,0.9394115219587068,26.841666666666644,2024-11-02 13:17:00
,,,,,,,,,,,,,,,,,,,,,,,,,,,,,,,,,,,,,,,,,,PF_E01_C,PF_E02_C,12.0,13.0,20.09333182328253,0.1864672880760046,0.0,1.8763888888888889,0.3660008929508057,1.2449999999999983,15.080303030303032,0.921257582814082,27.558333333333337,2024-11-02 13:18:00
,,,,,,,,,,,,,,,,,,,,,,,,,,,,,,,,,,,,,,,,,,PF_E01_C,PF_E02_C,12.0,13.0,20.09333182328253,0.1864672880760046,0.0,1.8763888888888889,0.3660008929508057,1.2449999999999983,15.943939393939395,0.8453041199974667,26.516666666666666,2024-11-02 13:19:00
,,,,,,,,,,,,,,,,,,,,,,,,,,,,,,,,,,,,,,,,,,PF_E01_C,PF_E02_C,12.0,13.0,20.09333182328253,0.1864672880760046,0.0,1.8763888888888889,0.3660008929508057,1.2449999999999983,14.898484848484848,0.9140856506953904,27.40833333333334,2024-11-02 13:20:00
,,,,,,,,,,,,,,,,,,,,,,,,,,,,,,,,,,,,,,,,,,PF_E01_C,PF_E02_C,12.0,13.0,20.09333182328253,0.1864672880760046,0.0,1.8763888888888889,0.3660008929508057,1.2449999999999983,14.82878787878788,0.9012420149665668,26.950000000000003,2024-11-02 13:21:00
,,,,,,,,,,,,,,,,,,,,,,,,,,,,,,,,,,,,,,,,,,PF_E01_C,PF_E02_C,12.0,13.0,20.55612617179116,0.2074734691383908,2.499089481946616,1.8486111111111108,0.3808315209854103,1.2449999999999983,14.707575757575755,0.9047682490815676,27.125,2024-11-02 13:22:00
,,,,,,,,,,,,,,,,,,,,,,,,,,,,,,,,,,,,,,,,,,PF_E01_C,PF_E02_C,12.0,13.0,22.051838119418,0.3705114611860852,10.575933999131532,1.805555555555556,0.4179284963718228,1.2449999999999983,12.695454545454544,1.0243796322145913,23.941666666666663,2024-11-02 13:23:00
,,,,,,,,,,,,,,,,,,,,,,,,,,,,,,,,,,,,,,,,,,PF_E01_C,PF_E02_C,12.0,13.0,20.07510053076552,0.1862488061241471,0.0,1.877777777777777,0.3654534827177478,1.2449999999999983,12.862121212121211,1.0091243513601096,23.966666666666665,2024-11-02 13:24:00
,,,,,,,,,,,,,,,,,,,,,,,,,,,,,,,,,,,,,,,,,,PF_E01_C,PF_E02_C,12.0,13.0,20.196921683030023,0.1785732933354561,0.0,1.8589743589743588,0.3553108758116972,1.139999999999997,13.493055555555555,1.0850437841384484,25.011666666666635,2024-11-02 13:25:00
,,,,,,,,,,,,,,,,,,,,,,,,,,,,,,,,,,,,,,,,,,PF_E01_C,PF_E02_C,12.0,13.0,20.196921683030023,0.1785732933354561,0.0,1.8589743589743588,0.3553108758116972,1.139999999999997,13.440277777777778,1.0742083408650809,24.8508333333333,2024-11-02 13:26:00
,,,,,,,,,,,,,,,,,,,,,,,,,,,,,,,,,,,,,,,,,,PF_E01_C,PF_E02_C,12.0,13.0,20.196921683030023,0.1785732933354561,0.0,1.8589743589743588,0.3553108758116972,1.139999999999997,13.634722222222225,1.0863235462941288,25.254166666666634,2024-11-02 13:27:00
,,,,,,,,,,,,,,,,,,,,,,,,,,,,,,,,,,,,,,,,,,PF_E01_C,PF_E02_C,12.0,13.0,20.196921683030023,0.1785732933354561,0.0,1.8589743589743588,0.3553108758116972,1.139999999999997,13.454166666666666,1.0836944001785491,24.79666666666664,2024-11-02 13:28:00
,,,,,,,,,,,,,,,,,,,,,,,,,,,,,,,,,,,,,,,,,,PF_E01_C,PF_E02_C,12.0,13.0,20.196921683030023,0.1785732933354561,0.0,1.8589743589743588,0.3553108758116972,1.139999999999997,13.581944444444444,1.083609157703233,25.397499999999965,2024-11-02 13:29:00
,,,,,,,,,,,,,,,,,,,,,,,,,,,,,,,,,,,,,,,,,,PF_E01_C,PF_E02_C,12.0,13.0,20.35517090374229,0.1827331443554747,0.0,1.8527777777777776,0.3721382030542962,1.1991666666666654,13.774242424242424,1.1016840311652605,28.016666666666666,2024-11-02 13:30:00
,,,,,,,,,,,,,,,,,,,,,,,,,,,,,,,,,,,,,,,,,,PF_E01_C,PF_E02_C,12.0,13.0,21.766272944558622,0.2968305566661546,7.619951020408138,1.7930555555555554,0.4123982972316453,1.1991666666666654,13.825757575757576,1.1048602075437182,28.35,2024-11-02 13:31:00
,,,,,,,,,,,,,,,,,,,,,,,,,,,,,,,,,,,,,,,,,,PF_E01_C,PF_E02_C,12.0,13.0,23.08565755994324,0.4565119785786914,14.744627943485032,1.770833333333333,0.4356691548144617,1.1991666666666654,11.31969696969697,1.0142829631374708,21.025,2024-11-02 13:32:00
,,,,,,,,,,,,,,,,,,,,,,,,,,,,,,,,,,,,,,,,,,PF_E01_C,PF_E02_C,12.0,13.0,21.02601655603609,0.2047443811839712,2.966955549343009,1.8038461538461528,0.3788042941062431,1.0899999999999967,12.315277777777778,1.10393341093437,26.89666666666664,2024-11-02 13:33:00
,,,,,,,,,,,,,,,,,,,,,,,,,,,,,,,,,,,,,,,,,,PF_E01_C,PF_E02_C,12.0,13.0,20.32970782986952,0.1752309978139668,0.0,1.8461538461538456,0.357807515981426,1.0899999999999967,12.184722222222222,1.101686313316539,26.74166666666665,2024-11-02 13:34:00
,,,,,,,,,,,,,,,,,,,,,,,,,,,,,,,,,,,,,,,,,,PF_E01_C,PF_E02_C,12.0,13.0,20.756902613108256,0.194465047267653,2.22141287284143,1.8205128205128205,0.3712199551588162,1.0899999999999967,12.068055555555556,1.0908837253440389,25.987499999999976,2024-11-02 13:37:00
,,,,,,,,,,,,,,,,,,,,,,,,,,,,,,,,,,,,,,,,,,PF_E01_C,PF_E02_C,12.0,13.0,20.32970782986952,0.1752309978139668,0.0,1.8461538461538456,0.357807515981426,1.0899999999999967,12.126388888888888,1.0916937006275091,26.28499999999997,2024-11-02 13:35:00
,,,,,,,,,,,,,,,,,,,,,,,,,,,,,,,,,,,,,,,,,,PF_E01_C,PF_E02_C,12.0,13.0,23.3332604902369,0.3098483173486117,11.017724933451609,1.5916666666666668,0.1689316250655428,0.1708333333333334,12.72878787878788,1.070600602934866,27.85833333333333,2024-11-02 13:38:00
,,,,,,,,,,,,,,,,,,,,,,,,,,,,,,,,,,,,,,,,,,PF_E01_C,PF_E02_C,12.0,13.0,21.14112721108209,0.043393462839837,0.0,1.676388888888889,0.045944607768457,0.1800000000000001,12.862121212121211,1.0481586126718925,27.65,2024-11-02 13:39:00
,,,,,,,,,,,,,,,,,,,,,,,,,,,,,,,,,,,,,,,,,,PF_E01_C,PF_E02_C,12.0,13.0,20.540900241789696,0.1276276920123816,0.0,1.761111111111111,0.1898900227896485,0.6441666666666661,12.81969696969697,1.0414324585911356,27.025,2024-11-02 13:40:00
,,,,,,,,,,,,,,,,,,,,,,,,,,,,,,,,,,,,,,,,,,PF_E01_C,PF_E02_C,12.0,13.0,20.39381819913826,0.1636495900952989,0.0,1.8192307692307688,0.3100656403217126,0.9499999999999976,12.911111111111111,1.156777028786564,28.28249999999997,2024-11-02 13:41:00
,,,,,,,,,,,,,,,,,,,,,,,,,,,,,,,,,,,,,,,,,,PF_E01_C,PF_E02_C,12.0,13.0,20.39381819913826,0.1636495900952989,0.0,1.8192307692307688,0.3100656403217126,0.9499999999999976,13.08472222222222,1.1518783365504943,29.081666666666635,2024-11-02 13:42:00
,,,,,,,,,,,,,,,,,,,,,,,,,,,,,,,,,,,,,,,,,,PF_E01_C,PF_E02_C,12.0,13.0,20.49978953555294,0.1689248120791807,0.0,1.8166666666666664,0.324266535535045,0.9958333333333318,14.29242424242424,1.1317761225898155,35.575,2024-11-02 13:45:00
,,,,,,,,,,,,,,,,,,,,,,,,,,,,,,,,,,,,,,,,,,PF_E01_C,PF_E02_C,12.0,13.0,21.910891576369263,0.2866742825077444,7.619951020408138,1.7569444444444444,0.3660917896406098,0.9958333333333318,14.489393939393938,1.1250499664521716,36.11666666666667,2024-11-02 13:46:00
,,,,,,,,,,,,,,,,,,,,,,,,,,,,,,,,,,,,,,,,,,PF_E01_C,PF_E02_C,12.0,13.0,20.39381819913826,0.1636495900952989,0.0,1.8192307692307688,0.3100656403217126,0.9499999999999976,13.993055555555555,1.101399671573137,33.789166666666645,2024-11-02 13:44:00
,,,,,,,,,,,,,,,,,,,,,,,,,,,,,,,,,,,,,,,,,,PF_E01_C,PF_E02_C,12.0,13.0,24.05489157636926,0.5462301060408459,19.197551020408103,1.7263888888888888,0.4017013702595839,0.9958333333333318,13.437878787878788,1.059132220130902,29.96666666666667,2024-11-02 13:47:00
,,,,,,,,,,,,,,,,,,,,,,,,,,,,,,,,,,,,,,,,,,PF_E01_C,PF_E02_C,12.0,13.0,21.15155824303593,0.2046513016041257,3.5195510204081515,1.7805555555555552,0.3448896050102498,0.9958333333333318,13.365151515151512,1.0503321667783403,29.441666666666663,2024-11-02 13:48:00
,,,,,,,,,,,,,,,,,,,,,,,,,,,,,,,,,,,,,,,,,,PF_E01_C,PF_E02_C,12.0,13.0,20.44880644403305,0.1623854378929774,0.0,1.814102564102564,0.3109421509657316,0.909999999999997,13.59722222222222,1.155979133660135,31.36249999999997,2024-11-02 13:49:00
,,,,,,,,,,,,,,,,,,,,,,,,,,,,,,,,,,,,,,,,,,PF_E01_C,PF_E02_C,12.0,13.0,20.44880644403305,0.1623854378929774,0.0,1.814102564102564,0.3109421509657316,0.909999999999997,13.38472222222222,1.1712164226842852,30.95999999999997,2024-11-02 13:50:00
,,,,,,,,,,,,,,,,,,,,,,,,,,,,,,,,,,,,,,,,,,PF_E01_C,PF_E02_C,12.0,13.0,20.44880644403305,0.1623854378929774,0.0,1.814102564102564,0.3109421509657316,0.909999999999997,13.331944444444444,1.1810718786213772,31.04166666666664,2024-11-02 13:51:00
,,,,,,,,,,,,,,,,,,,,,,,,,,,,,,,,,,,,,,,,,,PF_E01_C,PF_E02_C,12.0,13.0,20.44880644403305,0.1623854378929774,0.0,1.814102564102564,0.3109421509657316,0.909999999999997,12.879166666666665,0.746804129074643,21.84916666666665,2024-11-02 13:52:00
,,,,,,,,,,,,,,,,,,,,,,,,,,,,,,,,,,,,,,,,,,PF_E01_C,PF_E02_C,12.0,13.0,22.493516020171192,0.373910635434595,10.632489795918314,1.744871794871795,0.3658972159569653,0.909999999999997,11.78472222222222,0.755364215328776,18.31749999999999,2024-11-02 13:53:00
,,,,,,,,,,,,,,,,,,,,,,,,,,,,,,,,,,,,,,,,,,PF_E01_C,PF_E02_C,12.0,13.0,20.463244505723097,0.1715165861369167,0.5240026333113867,1.820833333333333,0.3239744491149581,1.0049999999999986,11.97121212121212,0.7662653689569385,19.275,2024-11-02 13:54:00
,,,,,,,,,,,,,,,,,,,,,,,,,,,,,,,,,,,,,,,,,,PF_E01_C,PF_E02_C,12.0,13.0,19.70247031217471,0.1988319920017695,0.0,1.9069444444444443,0.3258387439755071,1.4449999999999994,12.010606060606062,0.7497929971945,19.65833333333333,2024-11-02 13:55:00
,,,,,,,,,,,,,,,,,,,,,,,,,,,,,,,,,,,,,,,,,,PF_E01_C,PF_E02_C,12.0,13.0,19.3917315570634,0.2339351986946889,0.0,1.9875,0.3841187651602643,1.9766666666666663,11.843939393939396,0.7485550305538773,19.175,2024-11-02 13:56:00
,,,,,,,,,,,,,,,,,,,,,,,,,,,,,,,,,,,,,,,,,,PF_E01_C,PF_E02_C,12.0,13.0,19.509461962427697,0.2319622074582613,0.0,1.982051282051282,0.3989153917252491,2.11,12.109722222222222,0.9006669329739887,22.043333333333315,2024-11-02 13:58:00
,,,,,,,,,,,,,,,,,,,,,,,,,,,,,,,,,,,,,,,,,,PF_E01_C,PF_E02_C,12.0,13.0,19.509461962427697,0.2319622074582613,0.0,1.982051282051282,0.3989153917252491,2.11,12.170833333333333,0.8841653736557499,22.031666666666645,2024-11-02 13:57:00
,,,,,,,,,,,,,,,,,,,,,,,,,,,,,,,,,,,,,,,,,,PF_E01_C,PF_E02_C,12.0,13.0,19.93665674566644,0.2499984730217936,2.22141287284143,1.956410256410256,0.4130697788587487,2.11,11.980555555555556,0.8989402838452396,21.930833333333315,2024-11-02 13:59:00
,,,,,,,,,,,,,,,,,,,,,,,,,,,,,,,,,,,,,,,,,,PF_E01_C,PF_E02_C,12.0,13.0,22.43878787426266,0.5523745972666878,16.78555102040811,1.925,0.4732620772391051,2.1175,11.019696969696971,0.9976422171366685,18.89166666666667,2024-11-02 14:02:00
,,,,,,,,,,,,,,,,,,,,,,,,,,,,,,,,,,,,,,,,,,PF_E01_C,PF_E02_C,12.0,13.0,20.35726838796347,0.2934076610774723,4.725551020408148,1.9541666666666664,0.4393791733003558,2.1175,14.234848484848484,0.7954992180724482,26.141666666666666,2024-11-02 14:03:00
,,,,,,,,,,,,,,,,,,,,,,,,,,,,,,,,,,,,,,,,,,PF_E01_C,PF_E02_C,12.0,13.0,19.07002429347528,0.2482503548820384,0.0,2.0388888888888888,0.400102377658647,2.1175,14.33181818181818,0.7783804855202551,25.65833333333333,2024-11-02 14:04:00
,,,,,,,,,,,,,,,,,,,,,,,,,,,,,,,,,,,,,,,,,,PF_E01_C,PF_E02_C,12.0,13.0,18.739560400293445,0.282725562650142,0.0,2.1166666666666667,0.4187452965974896,2.1175,15.05151515151515,0.8790896925598822,28.516666666666666,2024-11-02 14:05:00
,,,,,,,,,,,,,,,,,,,,,,,,,,,,,,,,,,,,,,,,,,PF_E01_C,PF_E02_C,12.0,13.0,18.65577281614984,0.2913784156878436,0.0,2.143055555555556,0.4315640640897975,2.1175,14.97121212121212,0.8796775682110114,27.9,2024-11-02 14:06:00
,,,,,,,,,,,,,,,,,,,,,,,,,,,,,,,,,,,,,,,,,,PF_E01_C,PF_E02_C,12.0,13.0,18.65577281614984,0.2913784156878436,0.0,2.143055555555556,0.4315640640897975,2.1175,14.912121212121209,0.8821731636679585,27.758333333333336,2024-11-02 14:07:00
,,,,,,,,,,,,,,,,,,,,,,,,,,,,,,,,,,,,,,,,,,PF_E01_C,PF_E02_C,12.0,13.0,18.65577281614984,0.2913784156878436,0.0,2.143055555555556,0.4315640640897975,2.1175,14.786363636363632,0.8980725530695611,27.891666666666666,2024-11-02 14:08:00
,,,,,,,,,,,,,,,,,,,,,,,,,,,,,,,,,,,,,,,,,,PF_E01_C,PF_E02_C,12.0,13.0,18.382772571235822,0.3054091816750037,0.0,2.189393939393939,0.4363242496446142,2.125,15.603333333333332,0.8623564652310937,29.149999999999967,2024-11-02 14:09:00
,,,,,,,,,,,,,,,,,,,,,,,,,,,,,,,,,,,,,,,,,,PF_E01_C,PF_E02_C,12.0,13.0,20.60857558809473,0.4902025608717836,12.24191659272402,2.1106060606060604,0.4917547066905574,2.125,13.77,0.9840494241852222,27.772499999999965,2024-11-02 14:10:00
,,,,,,,,,,,,,,,,,,,,,,,,,,,,,,,,,,,,,,,,,,PF_E01_C,PF_E02_C,12.0,13.0,18.60216198567904,0.2906476250347567,0.0,2.147222222222222,0.4296109368151156,2.1175,13.842424242424242,1.0955342870952989,29.541666666666664,2024-11-02 14:13:00
,,,,,,,,,,,,,,,,,,,,,,,,,,,,,,,,,,,,,,,,,,PF_E01_C,PF_E02_C,12.0,13.0,18.766963711106403,0.3193223113584204,2.113051269288196,2.1651515151515146,0.4498568184348666,2.125,13.75,0.9837878567491224,27.46916666666663,2024-11-02 14:11:00
,,,,,,,,,,,,,,,,,,,,,,,,,,,,,,,,,,,,,,,,,,PF_E01_C,PF_E02_C,12.0,13.0,18.60216198567904,0.2906476250347567,0.0,2.147222222222222,0.4296109368151156,2.1175,15.154545454545454,0.9667834889402034,28.883333333333336,2024-11-02 14:15:00
,,,,,,,,,,,,,,,,,,,,,,,,,,,,,,,,,,,,,,,,,,PF_E01_C,PF_E02_C,12.0,13.0,18.60216198567904,0.2906476250347567,0.0,2.147222222222222,0.4296109368151156,2.1175,15.118181818181816,0.9652315802557458,28.691666666666663,2024-11-02 14:16:00
,,,,,,,,,,,,,,,,,,,,,,,,,,,,,,,,,,,,,,,,,,PF_E01_C,PF_E02_C,12.0,13.0,18.60216198567904,0.2906476250347567,0.0,2.147222222222222,0.4296109368151156,2.1175,13.680303030303032,1.1079458573899903,29.35,2024-11-02 14:14:00
,,,,,,,,,,,,,,,,,,,,,,,,,,,,,,,,,,,,,,,,,,PF_E01_C,PF_E02_C,12.0,13.0,18.60216198567904,0.2906476250347567,0.0,2.147222222222222,0.4296109368151156,2.1175,16.242424242424242,0.8929272370888517,27.55,2024-11-02 14:17:00
,,,,,,,,,,,,,,,,,,,,,,,,,,,,,,,,,,,,,,,,,,PF_E01_C,PF_E02_C,12.0,13.0,18.60216198567904,0.2906476250347567,0.0,2.147222222222222,0.4296109368151156,2.1175,16.206060606060603,0.8985121299688146,28.15,2024-11-02 14:18:00
,,,,,,,,,,,,,,,,,,,,,,,,,,,,,,,,,,,,,,,,,,PF_E01_C,PF_E02_C,12.0,13.0,19.42014544879507,0.2486807323482418,0.0,2.0075757575757573,0.4103410870980007,2.0333333333333337,15.021666666666668,1.0111722505160576,30.719166666666624,2024-11-02 14:19:00
,,,,,,,,,,,,,,,,,,,,,,,,,,,,,,,,,,,,,,,,,,PF_E01_C,PF_E02_C,12.0,13.0,19.42014544879507,0.2486807323482418,0.0,2.0075757575757573,0.4103410870980007,2.0333333333333337,15.168333333333331,1.0089324130938508,31.214166666666628,2024-11-02 14:20:00
,,,,,,,,,,,,,,,,,,,,,,,,,,,,,,,,,,,,,,,,,,PF_E01_C,PF_E02_C,12.0,13.0,19.92501201080449,0.2684645792703051,2.776766091051801,1.9772727272727268,0.4272536093666986,2.0333333333333337,14.91333333333333,1.017128093823079,30.55333333333329,2024-11-02 14:21:00
,,,,,,,,,,,,,,,,,,,,,,,,,,,,,,,,,,,,,,,,,,PF_E01_C,PF_E02_C,12.0,13.0,21.645948465653984,0.4352959366096726,12.24191659272402,1.9287878787878785,0.4671275289826134,2.0333333333333337,11.263333333333332,0.8746485237882926,18.64666666666664,2024-11-02 14:22:00
,,,,,,,,,,,,,,,,,,,,,,,,,,,,,,,,,,,,,,,,,,PF_E01_C,PF_E02_C,12.0,13.0,19.454884106878342,0.2367652071870277,0.0,1.9888888888888887,0.3962597975414659,2.0166666666666666,11.965151515151517,1.0307752174027371,22.45833333333333,2024-11-02 14:23:00
,,,,,,,,,,,,,,,,,,,,,,,,,,,,,,,,,,,,,,,,,,PF_E01_C,PF_E02_C,12.0,13.0,19.395313508242324,0.2374527683345089,0.0,1.994444444444444,0.3944806847049333,2.0166666666666666,11.872727272727271,1.0436316819135587,22.183333333333334,2024-11-02 14:24:00
,,,,,,,,,,,,,,,,,,,,,,,,,,,,,,,,,,,,,,,,,,PF_E01_C,PF_E02_C,12.0,13.0,19.395313508242324,0.2374527683345089,0.0,1.994444444444444,0.3944806847049333,2.0166666666666666,13.298484848484843,0.9526285405437296,26.275,2024-11-02 14:25:00
,,,,,,,,,,,,,,,,,,,,,,,,,,,,,,,,,,,,,,,,,,PF_E01_C,PF_E02_C,12.0,13.0,19.395313508242324,0.2374527683345089,0.0,1.994444444444444,0.3944806847049333,2.0166666666666666,13.198484848484846,0.9382625390013984,25.491666666666664,2024-11-02 14:26:00
,,,,,,,,,,,,,,,,,,,,,,,,,,,,,,,,,,,,,,,,,,PF_E01_C,PF_E02_C,12.0,13.0,19.42014544879507,0.2486807323482418,0.0,2.0075757575757573,0.4103410870980007,2.0333333333333337,14.565,0.8808418659613853,26.283333333333307,2024-11-02 14:27:00
,,,,,,,,,,,,,,,,,,,,,,,,,,,,,,,,,,,,,,,,,,PF_E01_C,PF_E02_C,12.0,13.0,19.56942596993169,0.2275931208315219,0.0,1.9666666666666663,0.3863917354278335,2.0,12.99583333333333,1.0283469685743911,25.08666666666664,2024-11-02 14:29:00
,,,,,,,,,,,,,,,,,,,,,,,,,,,,,,,,,,,,,,,,,,PF_E01_C,PF_E02_C,12.0,13.0,19.56942596993169,0.2275931208315219,0.0,1.9666666666666663,0.3863917354278335,2.0,12.977777777777776,1.0368298508972085,25.557499999999973,2024-11-02 14:30:00
,,,,,,,,,,,,,,,,,,,,,,,,,,,,,,,,,,,,,,,,,,PF_E01_C,PF_E02_C,12.0,13.0,19.56942596993169,0.2275931208315219,0.0,1.9666666666666663,0.3863917354278335,2.0,12.80972222222222,1.050536590374701,24.653333333333304,2024-11-02 14:31:00
,,,,,,,,,,,,,,,,,,,,,,,,,,,,,,,,,,,,,,,,,,PF_E01_C,PF_E02_C,12.0,13.0,21.88565524588221,0.4570716396099167,12.044392234942697,1.8935897435897435,0.4417290297708381,2.0,12.731944444444444,1.0551241130627245,24.873333333333303,2024-11-02 14:32:00
,,,,,,,,,,,,,,,,,,,,,,,,,,,,,,,,,,,,,,,,,,PF_E01_C,PF_E02_C,12.0,13.0,20.85068414759707,0.1693679880291112,1.690441015430551,1.776923076923077,0.2967676980508831,0.8766666666666643,13.343055555555557,1.0722363472059937,29.70499999999998,2024-11-02 14:33:00
,,,,,,,,,,,,,,,,,,,,,,,,,,,,,,,,,,,,,,,,,,PF_E01_C,PF_E02_C,12.0,13.0,20.590913670013247,0.1502111127973964,0.0,1.7869047619047616,0.2778256662769242,0.794166666666666,13.206410256410257,1.14716549639965,31.306666666666622,2024-11-02 14:34:00
,,,,,,,,,,,,,,,,,,,,,,,,,,,,,,,,,,,,,,,,,,PF_E01_C,PF_E02_C,12.0,13.0,20.590913670013247,0.1502111127973964,0.0,1.7869047619047616,0.2778256662769242,0.794166666666666,13.383333333333333,1.1405939218385632,32.24999999999996,2024-11-02 14:35:00
,,,,,,,,,,,,,,,,,,,,,,,,,,,,,,,,,,,,,,,,,,PF_E01_C,PF_E02_C,12.0,13.0,20.41293669664812,0.1629488447856908,0.0,1.8125,0.2951950693949064,0.9591666666666656,14.81060606060606,1.0703402139258085,33.175,2024-11-02 14:36:00
,,,,,,,,,,,,,,,,,,,,,,,,,,,,,,,,,,,,,,,,,,PF_E01_C,PF_E02_C,12.0,13.0,20.41293669664812,0.1629488447856908,0.0,1.8125,0.2951950693949064,0.9591666666666656,14.816666666666665,1.067653346139297,33.19166666666666,2024-11-02 14:38:00
,,,,,,,,,,,,,,,,,,,,,,,,,,,,,,,,,,,,,,,,,,PF_E01_C,PF_E02_C,12.0,13.0,20.41293669664812,0.1629488447856908,0.0,1.8125,0.2951950693949064,0.9591666666666656,14.734848484848484,1.0682319459531908,32.96666666666667,2024-11-02 14:39:00
,,,,,,,,,,,,,,,,,,,,,,,,,,,,,,,,,,,,,,,,,,PF_E01_C,PF_E02_C,12.0,13.0,20.508770451537035,0.1561939572358018,0.0,1.7987179487179488,0.2861301005614622,0.8766666666666643,14.4125,1.157824785702481,34.79166666666664,2024-11-02 14:40:00
,,,,,,,,,,,,,,,,,,,,,,,,,,,,,,,,,,,,,,,,,,PF_E01_C,PF_E02_C,12.0,13.0,21.375548941546075,0.0343592100770054,0.0,1.6569444444444443,0.0377479639537224,0.125,15.045454545454543,1.1343531575784929,35.25,2024-11-02 14:41:00
,,,,,,,,,,,,,,,,,,,,,,,,,,,,,,,,,,,,,,,,,,PF_E01_C,PF_E02_C,12.0,13.0,21.375548941546075,0.0343592100770054,0.0,1.6569444444444443,0.0377479639537224,0.125,14.842424242424242,1.1374690068630466,34.69166666666666,2024-11-02 14:42:00
,,,,,,,,,,,,,,,,,,,,,,,,,,,,,,,,,,,,,,,,,,PF_E01_C,PF_E02_C,12.0,13.0,23.38857927800498,0.4788009007386867,16.068469939327027,1.7277777777777776,0.3685693908334195,0.9591666666666656,15.265277777777778,0.9361417253447064,27.048333333333307,2024-11-02 14:43:00
,,,,,,,,,,,,,,,,,,,,,,,,,,,,,,,,,,,,,,,,,,PF_E01_C,PF_E02_C,12.0,13.0,22.42355420816885,0.1690346234487065,5.65922843976298,1.6069444444444445,0.1188701866929797,0.125,13.990909090909092,1.0570051367731417,26.75,2024-11-02 14:44:00
,,,,,,,,,,,,,,,,,,,,,,,,,,,,,,,,,,,,,,,,,,PF_E01_C,PF_E02_C,12.0,13.0,21.53598431569574,0.045196856326761,0.8663510204081604,1.6458333333333333,0.0469302061255689,0.125,14.015151515151514,1.065076696175587,26.8,2024-11-02 14:45:00
,,,,,,,,,,,,,,,,,,,,,,,,,,,,,,,,,,,,,,,,,,PF_E01_C,PF_E02_C,12.0,13.0,21.54542979219638,0.0432825971268295,0.7700897959183628,1.6448717948717948,0.0450078952959941,0.1166666666666664,13.816666666666665,1.1697230667579472,27.75666666666664,2024-11-02 14:46:00
,,,,,,,,,,,,,,,,,,,,,,,,,,,,,,,,,,,,,,,,,,PF_E01_C,PF_E02_C,12.0,13.0,21.54542979219638,0.0432825971268295,0.7700897959183628,1.6448717948717948,0.0450078952959941,0.1166666666666664,14.955555555555556,1.0895990954348818,33.31249999999997,2024-11-02 14:47:00
,,,,,,,,,,,,,,,,,,,,,,,,,,,,,,,,,,,,,,,,,,PF_E01_C,PF_E02_C,12.0,13.0,21.97262457543512,0.0832616544606286,3.376547566718984,1.6192307692307693,0.0747977607448709,0.1166666666666664,14.90277777777778,1.0826977135055242,33.12166666666664,2024-11-02 14:48:00
,,,,,,,,,,,,,,,,,,,,,,,,,,,,,,,,,,,,,,,,,,PF_E01_C,PF_E02_C,12.0,13.0,22.847985522180675,0.2110212016121993,7.92842448979588,1.5897435897435896,0.1354502646492371,0.1166666666666664,12.805555555555555,0.9905974481066429,25.13583333333332,2024-11-02 14:49:00
,,,,,,,,,,,,,,,,,,,,,,,,,,,,,,,,,,,,,,,,,,PF_E01_C,PF_E02_C,12.0,13.0,21.97262457543512,0.0832616544606286,3.376547566718984,1.6192307692307693,0.0747977607448709,0.1166666666666664,13.65277777777778,0.9325425309560038,24.94666666666665,2024-11-02 14:50:00
,,,,,,,,,,,,,,,,,,,,,,,,,,,,,,,,,,,,,,,,,,PF_E01_C,PF_E02_C,12.0,13.0,21.12511057514893,0.1716282069875581,3.1951321821036025,1.7535714285714283,0.2942280008802105,0.794166666666666,12.21923076923077,0.9974626594319278,23.67999999999996,2024-11-02 14:51:00
,,,,,,,,,,,,,,,,,,,,,,,,,,,,,,,,,,,,,,,,,,PF_E01_C,PF_E02_C,12.0,13.0,21.160688237485942,0.1652353727999385,3.013716797488214,1.7455555555555553,0.2853819319183685,0.7116666666666651,12.296428571428567,1.089537365681016,26.525833333333324,2024-11-02 14:52:00
,,,,,,,,,,,,,,,,,,,,,,,,,,,,,,,,,,,,,,,,,,PF_E01_C,PF_E02_C,12.0,13.0,21.95020678506147,0.0801680373864523,3.1951321821036025,1.6202380952380953,0.0718563497377564,0.1083333333333333,12.623076923076924,1.092438309849335,26.85999999999996,2024-11-02 14:53:00
,,,,,,,,,,,,,,,,,,,,,,,,,,,,,,,,,,,,,,,,,,PF_E01_C,PF_E02_C,12.0,13.0,21.95020678506147,0.0801680373864523,3.1951321821036025,1.6202380952380953,0.0718563497377564,0.1083333333333333,13.39230769230769,1.04132891326524,27.729999999999947,2024-11-02 14:54:00
,,,,,,,,,,,,,,,,,,,,,,,,,,,,,,,,,,,,,,,,,,PF_E01_C,PF_E02_C,12.0,13.0,22.02211149586971,0.0821912804291228,3.376547566718984,1.6153846153846154,0.0740969824742639,0.0966666666666664,12.477777777777776,1.154474647091314,30.78666666666664,2024-11-02 14:55:00
,,,,,,,,,,,,,,,,,,,,,,,,,,,,,,,,,,,,,,,,,,PF_E01_C,PF_E02_C,12.0,13.0,22.02211149586971,0.0821912804291228,3.376547566718984,1.6153846153846154,0.0740969824742639,0.0966666666666664,12.409722222222223,1.163881129771837,31.29833333333331,2024-11-02 14:56:00
,,,,,,,,,,,,,,,,,,,,,,,,,,,,,,,,,,,,,,,,,,PF_E01_C,PF_E02_C,12.0,13.0,22.02211149586971,0.0821912804291228,3.376547566718984,1.6153846153846154,0.0740969824742639,0.0966666666666664,12.344444444444449,1.1711969832508418,31.420833333333302,2024-11-02 14:57:00
,,,,,,,,,,,,,,,,,,,,,,,,,,,,,,,,,,,,,,,,,,PF_E01_C,PF_E02_C,12.0,13.0,22.28813175508145,0.0712903692439584,3.376547566718984,1.5935897435897437,0.0609143819668091,0.0066666666666665,11.084615384615384,0.9632933370056408,23.05333333333331,2024-11-02 14:58:00
,,,,,,,,,,,,,,,,,,,,,,,,,,,,,,,,,,,,,,,,,,PF_E01_C,PF_E02_C,12.0,13.0,22.28813175508145,0.0712903692439584,3.376547566718984,1.5935897435897437,0.0609143819668091,0.0066666666666665,11.033333333333331,0.9539592861315904,23.086666666666645,2024-11-02 14:59:00
,,,,,,,,,,,,,,,,,,,,,,,,,,,,,,,,,,,,,,,,,,PF_E01_C,PF_E02_C,12.0,13.0,22.28813175508145,0.0712903692439584,3.376547566718984,1.5935897435897437,0.0609143819668091,0.0066666666666665,10.971794871794872,0.9457766177457656,23.09333333333332,2024-11-02 15:00:00
,,,,,,,,,,,,,,,,,,,,,,,,,,,,,,,,,,,,,,,,,,PF_E01_C,PF_E02_C,12.0,13.0,21.07518260137072,0.2188211051742796,3.557962951334368,1.8583333333333327,0.498611007361614,1.4266666666666643,11.886111111111113,0.8764126188747259,23.609999999999992,2024-11-02 15:01:00
,,,,,,,,,,,,,,,,,,,,,,,,,,,,,,,,,,,,,,,,,,PF_E01_C,PF_E02_C,12.0,13.0,21.56721777492577,0.2249388058308908,5.553532182103599,1.8125,0.4838361860483333,1.3291666666666644,11.802777777777775,0.8774952438090792,23.448333333333323,2024-11-02 15:02:00
,,,,,,,,,,,,,,,,,,,,,,,,,,,,,,,,,,,,,,,,,,PF_E01_C,PF_E02_C,12.0,13.0,24.055930139841703,0.5023701211796072,19.839993720565094,1.8763888888888889,0.7158788553571006,1.9891666666666632,10.379166666666666,0.9082331483926024,18.947499999999984,2024-11-02 15:03:00
,,,,,,,,,,,,,,,,,,,,,,,,,,,,,,,,,,,,,,,,,,PF_E01_C,PF_E02_C,12.0,13.0,20.82792916389029,0.2415913434411771,3.376547566718984,2.021794871794872,0.7441281957565694,2.223333333333326,10.352564102564104,1.0277284516833274,20.426666666666627,2024-11-02 15:05:00
,,,,,,,,,,,,,,,,,,,,,,,,,,,,,,,,,,,,,,,,,,PF_E01_C,PF_E02_C,12.0,13.0,21.24371655961269,0.2347017286903474,4.2089240373072165,1.9346153846153844,0.6673638508650289,1.8433333333333264,10.425641025641028,1.0169507958637936,20.396666666666626,2024-11-02 15:04:00
,,,,,,,,,,,,,,,,,,,,,,,,,,,,,,,,,,,,,,,,,,PF_E01_C,PF_E02_C,12.0,13.0,20.631882783882748,0.2745857597930922,3.557962951334368,2.3069444444444445,1.058067125190992,3.851666666666661,10.958333333333334,0.9920913405986774,21.906666666666645,2024-11-02 15:06:00
,,,,,,,,,,,,,,,,,,,,,,,,,,,,,,,,,,,,,,,,,,PF_E01_C,PF_E02_C,12.0,13.0,20.62709757452984,0.275413992066329,3.557962951334368,2.3208333333333333,1.0724453064489503,3.92666666666666,10.958333333333334,0.9941706578190728,21.88999999999998,2024-11-02 15:07:00
,,,,,,,,,,,,,,,,,,,,,,,,,,,,,,,,,,,,,,,,,,PF_E01_C,PF_E02_C,12.0,13.0,20.67227003690489,0.2633786863908761,3.376547566718984,2.273076923076923,1.0554578942824584,3.5166666666666546,12.733333333333334,0.7858942200209652,24.73666666666666,2024-11-02 15:08:00
,,,,,,,,,,,,,,,,,,,,,,,,,,,,,,,,,,,,,,,,,,PF_E01_C,PF_E02_C,12.0,13.0,20.66655307231336,0.2716583221449988,3.557962951334368,2.261111111111111,1.011679254750907,3.6116666666666615,10.613888888888887,0.9723921330995984,20.98249999999998,2024-11-02 15:10:00
,,,,,,,,,,,,,,,,,,,,,,,,,,,,,,,,,,,,,,,,,,PF_E01_C,PF_E02_C,12.0,13.0,21.128805860805823,0.2804495267874983,5.553532182103599,2.234722222222222,1.0303914025368683,3.619166666666661,10.613888888888887,0.9682676278056932,20.95249999999998,2024-11-02 15:11:00
,,,,,,,,,,,,,,,,,,,,,,,,,,,,,,,,,,,,,,,,,,PF_E01_C,PF_E02_C,12.0,13.0,21.714558338936133,0.3156103389618534,8.713671139919963,2.211111111111111,1.044246672723194,3.6116666666666615,10.613888888888887,0.9697291731761978,20.95249999999998,2024-11-02 15:12:00
,,,,,,,,,,,,,,,,,,,,,,,,,,,,,,,,,,,,,,,,,,PF_E01_C,PF_E02_C,12.0,13.0,20.297548955674905,0.2805128771084615,3.557962951334368,2.301388888888889,0.99916489254111,3.806666666666661,10.613888888888887,0.9636915362599292,20.937499999999982,2024-11-02 15:13:00
,,,,,,,,,,,,,,,,,,,,,,,,,,,,,,,,,,,,,,,,,,PF_E01_C,PF_E02_C,12.0,13.0,19.863830117654967,0.3047905800784311,3.557962951334368,2.270833333333333,0.8408082724891267,3.746666666666663,10.53888888888889,0.9969282764933288,21.29749999999997,2024-11-02 15:14:00
,,,,,,,,,,,,,,,,,,,,,,,,,,,,,,,,,,,,,,,,,,PF_E01_C,PF_E02_C,12.0,13.0,19.811939204319483,0.3126195014643438,3.557962951334368,2.373611111111111,0.9491275371141829,4.303333333333329,10.461111111111112,0.9858006731501416,20.94166666666665,2024-11-02 15:15:00
,,,,,,,,,,,,,,,,,,,,,,,,,,,,,,,,,,,,,,,,,,PF_E01_C,PF_E02_C,12.0,13.0,19.9613989738683,0.2970851920680962,3.376547566718984,2.2987179487179485,0.9149971465427588,3.896666666666658,10.5025641025641,1.1073112611959814,22.09666666666661,2024-11-02 15:16:00
,,,,,,,,,,,,,,,,,,,,,,,,,,,,,,,,,,,,,,,,,,PF_E01_C,PF_E02_C,12.0,13.0,18.9962484584518,0.3679997871240983,3.3321193092621577,2.601851851851852,0.9549289434907836,5.063333333333333,12.46794871794872,1.0292952736516023,30.74999999999998,2024-11-02 15:17:00
,,,,,,,,,,,,,,,,,,,,,,,,,,,,,,,,,,,,,,,,,,PF_E01_C,PF_E02_C,12.0,13.0,18.32157553623048,0.420278572717141,3.8874725274725135,2.704761904761905,0.8689524780610731,4.80833333333333,14.137878787878789,0.9559354394911168,32.78333333333333,2024-11-02 15:19:00
,,,,,,,,,,,,,,,,,,,,,,,,,,,,,,,,,,,,,,,,,,PF_E01_C,PF_E02_C,12.0,13.0,18.997043925262385,0.367882620426561,3.3321193092621577,2.6,0.9535189075392506,5.053333333333331,12.634615384615383,1.0299041824687771,31.373333333333303,2024-11-02 15:18:00
,,,,,,,,,,,,,,,,,,,,,,,,,,,,,,,,,,,,,,,,,,PF_E01_C,PF_E02_C,12.0,13.0,18.2942107340852,0.4240472581848848,3.8874725274725135,2.7547619047619043,0.8997671383939483,5.053333333333329,14.340909090909092,0.9475767472439788,32.81666666666666,2024-11-02 15:22:00
,,,,,,,,,,,,,,,,,,,,,,,,,,,,,,,,,,,,,,,,,,PF_E01_C,PF_E02_C,12.0,13.0,18.28803546796712,0.4249011665333003,3.8874725274725135,2.7666666666666666,0.9069616720262244,5.111666666666665,14.225757575757576,0.946679466077687,32.375,2024-11-02 15:20:00
,,,,,,,,,,,,,,,,,,,,,,,,,,,,,,,,,,,,,,,,,,PF_E01_C,PF_E02_C,12.0,13.0,18.73283330400372,0.3864458346851818,3.609795918367336,2.58125,0.8667299582173146,4.624999999999998,14.193055555555558,1.0414406655169628,34.785833333333315,2024-11-02 15:23:00
,,,,,,,,,,,,,,,,,,,,,,,,,,,,,,,,,,,,,,,,,,PF_E01_C,PF_E02_C,12.0,13.0,18.73400184689257,0.3862810964544514,3.609795918367336,2.5791666666666666,0.8652149535265791,4.614166666666664,14.254166666666668,1.041581065188932,34.99166666666665,2024-11-02 15:24:00
,,,,,,,,,,,,,,,,,,,,,,,,,,,,,,,,,,,,,,,,,,PF_E01_C,PF_E02_C,12.0,13.0,18.387618848217084,0.41128680843803,3.8874725274725135,2.6,0.8011623842265858,4.294999999999998,14.183333333333335,0.9682475211514237,33.44166666666666,2024-11-02 15:21:00
,,,,,,,,,,,,,,,,,,,,,,,,,,,,,,,,,,,,,,,,,,PF_E01_C,PF_E02_C,12.0,13.0,18.70937797324673,0.3897630336711782,3.609795918367336,2.625,0.8980672877505197,4.852499999999997,14.3125,1.033184555147969,34.83083333333331,2024-11-02 15:25:00
,,,,,,,,,,,,,,,,,,,,,,,,,,,,,,,,,,,,,,,,,,PF_E01_C,PF_E02_C,12.0,13.0,18.014118772960057,0.3664361342402522,0.0,2.66875,0.8765282142139689,4.863333333333332,12.268055555555556,1.231394467471105,28.9583333333333,2024-11-02 15:28:00
,,,,,,,,,,,,,,,,,,,,,,,,,,,,,,,,,,,,,,,,,,PF_E01_C,PF_E02_C,12.0,13.0,18.72935688890938,0.3869362259613515,3.609795918367336,2.5875000000000004,0.8712624763821731,4.657499999999997,14.108333333333334,1.0483328531772955,34.734999999999985,2024-11-02 15:26:00
,,,,,,,,,,,,,,,,,,,,,,,,,,,,,,,,,,,,,,,,,,PF_E01_C,PF_E02_C,12.0,13.0,17.550754894438953,0.3887791865791992,0.0,2.7142857142857144,0.8187986066824486,4.621666666666664,12.756060606060606,1.1248032836231403,28.875,2024-11-02 15:27:00
,,,,,,,,,,,,,,,,,,,,,,,,,,,,,,,,,,,,,,,,,,PF_E01_C,PF_E02_C,12.0,13.0,18.27172576076691,0.349144435234465,0.0,2.677777777777778,0.9539739670351718,5.2333333333333325,14.097619047619048,1.038832544720553,32.639999999999986,2024-11-02 15:30:00
,,,,,,,,,,,,,,,,,,,,,,,,,,,,,,,,,,,,,,,,,,PF_E01_C,PF_E02_C,12.0,13.0,15.697051429179242,0.5219880798123083,0.7219591836734693,3.827083333333333,0.9432612199885332,8.034166666666666,14.387878787878789,1.090943324634167,33.525,2024-11-02 15:32:00
,,,,,,,,,,,,,,,,,,,,,,,,,,,,,,,,,,,,,,,,,,PF_E01_C,PF_E02_C,12.0,13.0,15.691569716030717,0.5227309813483989,0.7219591836734693,3.8375,0.944120002648874,7.973333333333333,14.372727272727271,1.0874170591538872,34.266666666666666,2024-11-02 15:33:00
,,,,,,,,,,,,,,,,,,,,,,,,,,,,,,,,,,,,,,,,,,PF_E01_C,PF_E02_C,12.0,13.0,16.363743371255808,0.4833873043435682,0.0,3.5703703703703704,0.9597406436623378,7.970000000000001,14.202777777777776,1.1794793714267513,35.901666666666635,2024-11-02 15:34:00
,,,,,,,,,,,,,,,,,,,,,,,,,,,,,,,,,,,,,,,,,,PF_E01_C,PF_E02_C,12.0,13.0,13.628790760205822,0.6439062664312503,5.876052821128443,4.794444444444445,0.9045446809295252,8.233333333333334,13.947222222222225,1.1732255650716126,36.13999999999997,2024-11-02 15:37:00
,,,,,,,,,,,,,,,,,,,,,,,,,,,,,,,,,,,,,,,,,,PF_E01_C,PF_E02_C,12.0,13.0,16.331835776102462,0.4878486754717817,0.0,3.655555555555555,0.9830647874984064,8.350000000000001,14.075,1.175737342151116,36.02833333333331,2024-11-02 15:35:00
,,,,,,,,,,,,,,,,,,,,,,,,,,,,,,,,,,,,,,,,,,PF_E01_C,PF_E02_C,12.0,13.0,13.660374355730296,0.6393280232202919,5.876052821128443,4.722222222222222,0.9007890428141204,8.183333333333334,14.019444444444444,1.167145608941972,36.28999999999998,2024-11-02 15:36:00
,,,,,,,,,,,,,,,,,,,,,,,,,,,,,,,,,,,,,,,,,,PF_E01_C,PF_E02_C,12.0,13.0,12.22002785114044,0.755712059981117,10.30818727490995,5.6866666666666665,0.8660086411516583,8.223333333333333,12.97272727272727,1.1169760137917504,29.166666666666664,2024-11-02 15:38:00
,,,,,,,,,,,,,,,,,,,,,,,,,,,,,,,,,,,,,,,,,,PF_E01_C,PF_E02_C,12.0,13.0,12.122329329405398,0.7715967348753674,10.30818727490995,6.04,0.8929630129586935,8.926666666666666,12.71060606060606,1.1258011267485706,28.40833333333333,2024-11-02 15:39:00
,,,,,,,,,,,,,,,,,,,,,,,,,,,,,,,,,,,,,,,,,,PF_E01_C,PF_E02_C,12.0,13.0,13.588668851714331,0.6918253608833296,5.154093637454974,5.905555555555555,1.0368518241449072,11.9625,13.78076923076923,0.796911511644273,24.623333333333328,2024-11-02 15:41:00
,,,,,,,,,,,,,,,,,,,,,,,,,,,,,,,,,,,,,,,,,,PF_E01_C,PF_E02_C,12.0,13.0,13.578414393747964,0.6934315303527976,5.154093637454974,5.972222222222221,1.0452698368886095,12.2625,13.985897435897432,0.791781570873552,25.083333333333325,2024-11-02 15:42:00
,,,,,,,,,,,,,,,,,,,,,,,,,,,,,,,,,,,,,,,,,,PF_E01_C,PF_E02_C,12.0,13.0,13.66390447700602,0.6802146347458554,5.154093637454974,5.505555555555556,0.990779326074206,10.1625,12.630555555555556,1.2319609675753675,29.74749999999997,2024-11-02 15:40:00
,,,,,,,,,,,,,,,,,,,,,,,,,,,,,,,,,,,,,,,,,,PF_E01_C,PF_E02_C,12.0,13.0,13.577583901030271,0.6935618596107405,5.154093637454974,5.977777777777778,1.0459778509119269,12.2875,14.162820512820511,0.7910444348150273,25.373333333333328,2024-11-02 15:43:00
,,,,,,,,,,,,,,,,,,,,,,,,,,,,,,,,,,,,,,,,,,PF_E01_C,PF_E02_C,12.0,13.0,13.569472520884991,0.6948367328238745,5.154093637454974,6.033333333333332,1.0531073702323477,12.5375,14.2,0.8078734643559146,26.04,2024-11-02 15:44:00
,,,,,,,,,,,,,,,,,,,,,,,,,,,,,,,,,,,,,,,,,,PF_E01_C,PF_E02_C,12.0,13.0,18.166376521867573,0.9648512970283672,25.93140735363908,6.030555555555555,1.1222805788602983,13.2125,12.566666666666665,0.8530733473099689,26.609999999999985,2024-11-02 15:45:00
,,,,,,,,,,,,,,,,,,,,,,,,,,,,,,,,,,,,,,,,,,PF_E01_C,PF_E02_C,12.0,13.0,15.532976958653736,0.653989702847101,4.1348571428571255,5.638095238095239,1.180353606173544,14.50333333333333,12.614285714285712,0.9329537968465116,28.635833333333323,2024-11-02 15:46:00
,,,,,,,,,,,,,,,,,,,,,,,,,,,,,,,,,,,,,,,,,,PF_E01_C,PF_E02_C,12.0,13.0,15.633953075453418,0.5935901610903631,1.0829387755102005,7.760416666666666,1.6699056175723632,27.727499999999985,13.444871794871794,0.90739737307831,29.91333333333332,2024-11-02 15:47:00
,,,,,,,,,,,,,,,,,,,,,,,,,,,,,,,,,,,,,,,,,,PF_E01_C,PF_E02_C,12.0,13.0,1.4178757515030036,,0.0,24.95,,0.0,12.4,1.3381805751487352,10.559999999999995,2024-12-02 05:26:00
,,,,,,,,,,,,,,,,,,,,,,,,,,,,,,,,,,,,,,,,,,PF_E01_C,PF_E02_C,12.0,13.0,11.420959661456536,1.2677094089771508,9.21403426387276,15.766666666666666,1.2677094089771508,12.72,14.875,1.3508314419306031,12.787499999999998,2024-12-02 05:31:00
,,,,,,,,,,,,,,,,,,,,,,,,,,,,,,,,,,,,,,,,,,PF_E01_C,PF_E02_C,12.0,13.0,1.2664439140811434,,0.0,27.933333333333334,,0.0,13.891666666666667,1.3463448851146382,11.902499999999998,2024-12-02 05:29:00
,,,,,,,,,,,,,,,,,,,,,,,,,,,,,,,,,,,,,,,,,,PF_E01_C,PF_E02_C,12.0,13.0,29.12731878958476,0.3626188621469474,6.72168895144263,1.3,0.3626188621469474,0.2999999999999998,0.6666666666666666,,0.0,2024-12-02 05:33:00
,,,,,,,,,,,,,,,,,,,,,,,,,,,,,,,,,,,,,,,,,,PF_E01_C,PF_E02_C,12.0,13.0,29.12731878958476,0.3626188621469474,6.72168895144263,1.3,0.3626188621469474,0.2999999999999998,0.6666666666666666,,0.0,2024-12-02 05:34:00
3623434.0,13.245,2024-12-02 05:32:00,,,,,,,,,,,,,,,,,,,,,,,,,,,,,,,,,,,,,,,,,,,,,,,,,,,,,
,,,,,,,,,,,,,,,,,,,,,,,,,,,,,,,,,,,,,,,,,,PF_E01_C,PF_E02_C,4.0,5.0,132.35918367346918,1.4486243117848787,298.8911020408157,1.1222222222222222,0.7888548232491915,0.0,,,,2024-12-02 05:37:00
,,,,,,,,,,,,,,,,,,,,,,,,,,,,,,,,,,,,,,,,,,PF_E01_C,PF_E02_C,12.0,13.0,15.091556429800812,0.6154070545197042,5.910497172362911,2.8916666666666666,0.6154070545197042,1.1325000000000005,3.4166666666666665,,0.0,2024-12-02 05:40:00
,,,,,,,,,,,,,,,,,,,,,,,,,,,,,,,,,,,,,,,,,,PF_E01_C,PF_E02_C,12.0,13.0,13.76110046228434,0.8116356097097763,7.107907543127737,3.833333333333333,0.8116356097097763,1.9799999999999995,4.566666666666666,,0.0,2024-12-02 05:42:00
,,,,,,,,,,,,,,,,,,,,,,,,,,,,,,,,,,,,,,,,,,PF_E01_C,PF_E02_C,12.0,13.0,13.022115027829294,0.9379492011615372,7.772994434137278,4.85,0.9379492011615372,2.895,6.6,,0.0,2024-12-02 05:44:00
,,,,,,,,,,,,,,,,,,,,,,,,,,,,,,,,,,,,,,,,,,PF_E01_C,PF_E02_C,12.0,13.0,13.208939324608746,0.9046807347533772,7.60485256703577,4.533333333333333,0.904680734753377,2.6100000000000003,5.966666666666667,,0.0,2024-12-02 05:48:00
,,,,,,,,,,,,,,,,,,,,,,,,,,,,,,,,,,,,,,,,,,PF_E01_C,PF_E02_C,12.0,13.0,13.208939324608746,0.9046807347533772,7.60485256703577,4.533333333333333,0.904680734753377,2.6100000000000003,5.966666666666667,,0.0,2024-12-02 05:47:00
,,,,,,,,,,,,,,,,,,,,,,,,,,,,,,,,,,,,,,,,,,PF_E01_C,PF_E02_C,12.0,13.0,13.208939324608746,0.9046807347533772,7.60485256703577,4.533333333333333,0.904680734753377,2.6100000000000003,5.966666666666667,,0.0,2024-12-02 05:49:00
,,,,,,,,,,,,,,,,,,,,,,,,,,,,,,,,,,,,,,,,,,PF_E01_C,PF_E02_C,12.0,13.0,13.338323925314786,0.8821869630926218,7.488406426400335,4.341666666666667,0.8821869630926217,2.437499999999999,5.583333333333333,,0.0,2024-12-02 05:43:00
,,,,,,,,,,,,,,,,,,,,,,,,,,,,,,,,,,,,,,,,,,PF_E01_C,PF_E02_C,12.0,13.0,4.759103139013445,,0.0,7.433333333333334,,0.0,5.966666666666667,,0.0,2024-12-02 05:56:00
,,,,,,,,,,,,,,,,,,,,,,,,,,,,,,,,,,,,,,,,,,PF_E01_C,PF_E02_C,12.0,13.0,4.759103139013445,,0.0,7.433333333333334,,0.0,5.966666666666667,,0.0,2024-12-02 05:58:00
,,,,,,,,,,,,,,,,,,,,,,,,,,,,,,,,,,,,,,,,,,PF_E01_C,PF_E02_C,12.0,13.0,4.759103139013445,,0.0,7.433333333333334,,0.0,5.966666666666667,,0.0,2024-12-02 05:52:00
,,,,,,,,,,,,,,,,,,,,,,,,,,,,,,,,,,,,,,,,,,PF_E01_C,PF_E02_C,12.0,13.0,4.759103139013445,,0.0,7.433333333333334,,0.0,5.966666666666667,,0.0,2024-12-02 05:59:00
,,,,,,,,,,,,,,,,,,,,,,,,,,,,,,,,,,,,,,,,,,PF_E01_C,PF_E02_C,12.0,13.0,4.759103139013445,,0.0,7.433333333333334,,0.0,5.966666666666667,,0.0,2024-12-02 05:55:00
,,,,,,,,,,,,,,,,,,,,,,,,,,,,,,,,,,,,,,,,,,PF_E01_C,PF_E02_C,12.0,13.0,4.759103139013445,,0.0,7.433333333333334,,0.0,5.966666666666667,,0.0,2024-12-02 06:00:00
,,,,,,,,,,,,,,,,,,,,,,,,,,,,,,,,,,,,,,,,,,PF_E01_C,PF_E02_C,12.0,13.0,4.759103139013445,,0.0,7.433333333333334,,0.0,5.966666666666667,,0.0,2024-12-02 06:02:00
,,,,,,,,,,,,,,,,,,,,,,,,,,,,,,,,,,,,,,,,,,PF_E01_C,PF_E02_C,12.0,13.0,4.759103139013445,,0.0,7.433333333333334,,0.0,5.966666666666667,,0.0,2024-12-02 06:01:00
,,,,,,,,,,,,,,,,,,,,,,,,,,,,,,,,,,,,,,,,,,PF_E01_C,PF_E02_C,12.0,13.0,35.37599999999994,,0.0,1.0,,0.0,,,,2024-12-02 06:03:00
,,,,,,,,,,,,,,,,,,,,,,,,,,,,,,,,,,,,,,,,,,PF_E01_C,PF_E02_C,12.0,13.0,35.37599999999994,,0.0,1.0,,0.0,,,,2024-12-02 06:04:00
,,,,,,,,,,,,,,,,,,,,,,,,,,,,,,,,,,,,,,,,,,PF_E01_C,PF_E02_C,12.0,13.0,35.37599999999994,,0.0,1.0,,0.0,,,,2024-12-02 06:07:00
,,,,,,,,,,,,,,,,,,,,,,,,,,,,,,,,,,,,,,,,,,PF_E01_C,PF_E02_C,12.0,13.0,35.37599999999994,,0.0,1.0,,0.0,,,,2024-12-02 06:10:00
,,,,,,,,,,,,,,,,,,,,,,,,,,,,,,,,,,,,,,,,,,PF_E01_C,PF_E02_C,12.0,13.0,35.37599999999994,,0.0,1.0,,0.0,,,,2024-12-02 06:08:00
,,,,,,,,,,,,,,,,,,,,,,,,,,,,,,,,,,,,,,,,,,PF_E01_C,PF_E02_C,12.0,13.0,35.37599999999994,,0.0,1.0,,0.0,,,,2024-12-02 06:09:00
,,,,,,,,,,,,,,,,,,,,,,,,,,,,,,,,,,,,,,,,,,PF_E01_C,PF_E02_C,12,13.0,35.37599999999994,,0.0,1.0,,0.0,,,,2024-12-02 06:11:00
