start_stop,end_stop,start_sequence,end_sequence,length,mean_speed [km/h],covariance_speed [%],buffer_speed [km/h],mean_time [mins],covariance_time [%],buffer_time [mins],mean_headway [mins],covariance_headway [%],buffer_headway [mins],start_lat,start_lon,end_lat,end_lon
PF_A15_C,PF_A14_C,1,2,2.671,40.065000000000005,1.7745315259368998e-16,0.0,4.0,0.0,0.0,13.954707985697258,5.889076574832719,9.0,39.11991556,-77.16466099,39.08426749,-77.14618148
PF_A14_C,PF_A13_C,2,3,2.1048000000000004,42.096,1.6889159441909422e-16,0.0,3.0,0.0,0.0,13.954707985697258,5.889076574832719,9.0,39.08426749,-77.14618148,39.06268856,-77.1212136
PF_A13_C,PF_A12_C,3,4,1.0987999999999998,32.96399999999999,0.0,0.0,2.0,0.0,0.0,13.954707985697258,5.889076574832719,9.0,39.06268856,-77.1212136,39.04852256,-77.11307662
PF_A12_C,PF_A11_C,4,5,1.4535999999999998,29.072,0.0,0.0,3.0,0.0,0.0,13.954707985697258,5.889076574832719,9.0,39.04852256,-77.11307662,39.02972195,-77.10412029
PF_A11_C,PF_A10_C,5,6,2.1612,32.418000000000006,2.193121277890736e-16,0.0,4.0,0.0,0.0,13.954707985697258,5.889076574832719,9.0,39.02972195,-77.10412029,38.99821762,-77.09675597
PF_A10_C,PF_A09_C,6,7,1.0275999999999996,30.827999999999975,3.4593521597246954e-16,0.0,2.0,0.0,0.0,13.954707985697258,5.889076574832719,9.0,38.99821762,-77.09675597,38.9832672,-77.09365192
PF_A09_C,PF_A08_C,7,8,1.7154000000000007,34.30800000000001,2.0723039986784967e-16,0.0,3.0,0.0,0.0,13.954707985697258,5.889076574832719,9.0,38.9832672,-77.09365192,38.95937588,-77.08501937
PF_A08_C,PF_A07_C,8,9,1.0157000000000007,30.471000000000014,1.1666273766312535e-16,0.0,2.0,0.0,0.0,13.954707985697258,5.889076574832719,9.0,38.95937588,-77.08501937,38.94887778,-77.07966978
PF_A07_C,PF_A06_C,9,10,0.9596999999999998,19.193999999999992,1.8520528703413027e-16,0.0,3.0,0.0,0.0,13.954707985697258,5.889076574832719,9.0,38.94887778,-77.07966978,38.94320326,-77.06295116
PF_A06_C,PF_A05_C,10,11,0.5673999999999992,17.032999999999987,0.0016299629534739,0.0810000000000243,2.0,0.0,0.0,13.954707985697258,5.889076574832719,9.0,38.94320326,-77.06295116,38.93490519,-77.05812601
PF_A05_C,PF_A04_C,11,12,0.8945000000000007,26.835000000000026,4.094586940316332e-16,0.0,2.0,0.0,0.0,13.954707985697258,5.889076574832719,9.0,38.93490519,-77.05812601,38.92555387,-77.05268991
PF_A04_C,PF_A03_1,12,13,1.059800000000001,31.794000000000025,2.6815691746333233e-16,0.0,2.0,0.0,0.0,13.954707985697258,5.889076574832719,9.0,38.92555387,-77.05268991,38.90988563,-77.04366281
PF_A03_1,PF_A02_C,13,14,0.7119999999999997,21.36,3.3282234248618273e-16,1.4210854715202004e-14,2.0,0.0,0.0,15.6885698509111,5.649180715044508,9.0,38.90988563,-77.04366281,38.903139,-77.03966617
PF_A02_C,PF_A01_1,14,15,0.7580999999999989,22.742999999999967,4.60765331043496e-16,2.8421709430404014e-14,2.0,0.0,0.0,13.98092967818832,5.888975134087684,9.0,38.903139,-77.03966617,38.89825796,-77.02808407
PF_A01_1,PF_B01_1,15,16,0.3340999999999994,20.045999999999964,5.227569551991536e-16,2.8421709430404014e-14,1.0,0.0,0.0,13.98092967818832,5.888975134087684,9.0,38.89825796,-77.02808407,38.89831334,-77.02279684
PF_B01_1,PF_B02_1,16,17,0.3584999999999994,21.509999999999977,9.090179548096109e-16,5.329070518200752e-14,1.0,0.0,0.0,13.98092967818832,5.888975134087684,9.0,38.89831334,-77.02279684,38.89617617,-77.01685404
PF_B02_1,PF_B03_C,17,18,0.8428000000000004,25.28400000000001,3.3720064205937323e-16,0.0,2.0,0.0,0.0,13.98092967818832,5.888975134087684,9.0,38.89617617,-77.01685404,38.89748841,-77.00746385
PF_B03_C,PF_B35_C,18,19,0.7934000000000019,23.80200000000005,7.674200783105099e-16,0.0,2.0,0.0,0.0,13.98092967818832,5.888975134087684,9.0,38.89748841,-77.00746385,38.906609,-77.00330889
PF_B35_C,PF_B04_C,19,20,0.939,18.780000000000005,1.8927276984837222e-16,0.0,3.0,0.0,0.0,13.98092967818832,5.888975134087684,9.0,38.906609,-77.00330889,38.9209079,-76.99593988
PF_B04_C,PF_B05_C,20,21,1.0001999999999995,30.00599999999998,2.3692212342547714e-16,0.0,2.0,0.0,0.0,13.98092967818832,5.888975134087684,9.0,38.9209079,-76.99593988,38.93311815,-76.99452926
PF_B05_C,PF_B06_C,21,22,1.3378999999999976,26.75799999999996,9.151225481918224e-16,7.105427357601003e-14,3.0,0.0,0.0,13.98092967818832,5.888975134087684,9.0,38.93311815,-76.99452926,38.9517915,-77.00215509
PF_B06_C,PF_B07_C,22,23,1.8276000000000003,36.55200000000001,0.0,0.0,3.0,0.0,0.0,13.98092967818832,5.888975134087684,9.0,38.9517915,-77.00215509,38.97602057,-77.01812692
PF_B07_C,PF_B08_C,23,24,1.4546000000000028,29.09200000000004,8.824314823239217e-16,0.0,3.0,0.0,0.0,13.98092967818832,5.888975134087684,9.0,38.97602057,-77.01812692,38.99369139,-77.03118006
PF_B08_C,PF_B09_C,24,25,1.7783999999999978,35.56799999999997,4.3234592651981164e-16,3.5527136788005016e-14,3.0,0.0,0.0,13.98092967818832,5.888975134087684,9.0,38.99369139,-77.03118006,39.01530824,-77.04303038
PF_B09_C,PF_B10_C,25,26,1.6795000000000009,33.59000000000002,3.899667283388735e-16,0.0,3.0,0.0,0.0,13.98092967818832,5.888975134087684,9.0,39.01530824,-77.04303038,39.03763554,-77.0501341
PF_B10_C,PF_B11_C,26,27,1.7515999999999965,26.273796296296247,1.9568263680164417e-05,0.0,4.0,0.0,0.0,13.98092967818832,5.888975134087684,9.0,39.03763554,-77.0501341,39.06175944,-77.05354574
PF_B11_C,PF_B10_C,1,2,1.753,35.059999999999995,0.0,0.0,3.0,0.0,0.0,16.159629248197735,5.471321334422942,9.0,39.06175944,-77.05354574,39.03763554,-77.0501341
PF_B10_C,PF_B09_C,2,3,1.6796,33.59199999999999,2.116303058914284e-16,0.0,3.0,0.0,0.0,16.159629248197735,5.471321334422942,9.0,39.03763554,-77.0501341,39.01530824,-77.04303038
PF_B09_C,PF_B08_C,3,4,1.7784000000000004,35.568000000000005,0.0,0.0,3.0,0.0,0.0,16.159629248197735,5.471321334422942,9.0,39.01530824,-77.04303038,38.99369139,-77.03118006
PF_B08_C,PF_B07_C,4,5,1.4544999999999997,29.089999999999986,2.4438244192178985e-16,0.0,3.0,0.0,0.0,16.159629248197735,5.471321334422942,9.0,38.99369139,-77.03118006,38.97602057,-77.01812692
PF_B07_C,PF_B06_C,5,6,1.8277,36.554,1.944817321087942e-16,0.0,3.0,0.0,0.0,16.159629248197735,5.471321334422942,9.0,38.97602057,-77.01812692,38.9517915,-77.00215509
PF_B06_C,PF_B05_C,6,7,1.3378999999999994,26.75799999999998,2.6568073979762565e-16,0.0,3.0,0.0,0.0,16.159629248197735,5.471321334422942,9.0,38.9517915,-77.00215509,38.93311815,-76.99452926
PF_B05_C,PF_B04_C,7,8,1.0002000000000013,30.006000000000032,2.369221234254767e-16,0.0,2.0,0.0,0.0,16.159629248197735,5.471321334422942,9.0,38.93311815,-76.99452926,38.9209079,-76.99593988
PF_B04_C,PF_B35_C,8,9,0.939,28.17000000000001,3.7854553969674444e-16,0.0,2.0,0.0,0.0,16.159629248197735,5.471321334422942,9.0,38.9209079,-76.99593988,38.906609,-77.00330889
PF_B35_C,PF_B03_C,9,10,0.7932999999999986,23.79899999999996,1.4935680565370128e-16,0.0,2.0,0.0,0.0,16.159629248197735,5.471321334422942,9.0,38.906609,-77.00330889,38.89748841,-77.00746385
PF_B03_C,PF_B02_2,10,11,0.6487000000000016,19.46100000000005,0.0,0.0,2.0,0.0,0.0,16.159629248197735,5.471321334422942,9.0,38.89748841,-77.00746385,38.89625441,-77.01676321
PF_B02_2,PF_B01_2,11,12,0.3870999999999984,11.612999999999952,0.0,0.0,2.0,0.0,0.0,16.159629248197735,5.471321334422942,9.0,38.89625441,-77.01676321,38.89841787,-77.02279679
PF_B01_2,PF_A01_2,12,13,0.3341000000000012,20.046000000000078,1.7731929650565788e-16,0.0,1.0,0.0,0.0,16.18228630278064,5.471271953537521,9.0,38.89841787,-77.02279679,38.89837599,-77.02808402
PF_A01_2,PF_A02_C,13,14,0.7582000000000004,22.746000000000016,1.5627110778828931e-16,0.0,2.0,0.0,0.0,15.6885698509111,5.649180715044508,9.0,38.89837599,-77.02808402,38.903139,-77.03966617
PF_A02_C,PF_A03_2,14,15,0.6902999999999988,20.708999999999964,0.0,0.0,2.0,0.0,0.0,16.18228630278064,5.471271953537521,9.0,38.903139,-77.03966617,38.90992408,-77.04353057
PF_A03_2,PF_A04_C,15,16,1.0875000000000004,32.62500000000001,2.1790299572428688e-16,0.0,2.0,0.0,0.0,16.18228630278064,5.471271953537521,9.0,38.90992408,-77.04353057,38.92555387,-77.05268991
PF_A04_C,PF_A05_C,16,17,0.8945000000000007,26.835000000000036,3.9737759840720256e-16,0.0,2.0,0.0,0.0,16.18228630278064,5.471271953537521,9.0,38.92555387,-77.05268991,38.93490519,-77.05812601
PF_A05_C,PF_A06_C,17,18,0.5673999999999992,17.021999999999984,4.176410078430777e-16,0.0,2.0,0.0,0.0,16.18228630278064,5.471271953537521,9.0,38.93490519,-77.05812601,38.94320326,-77.06295116
PF_A06_C,PF_A07_C,18,19,0.9597000000000016,19.194000000000024,3.704105740682599e-16,0.0,3.0,0.0,0.0,14.075089392133492,5.8887452386272745,9.0,38.94320326,-77.06295116,38.94887778,-77.07966978
PF_A07_C,PF_A08_C,19,20,1.015699999999999,30.470999999999965,1.1666273766312555e-16,0.0,2.0,0.0,0.0,14.075089392133492,5.8887452386272745,9.0,38.94887778,-77.07966978,38.95937588,-77.08501937
PF_A08_C,PF_A09_C,20,21,1.715399999999999,34.307999999999986,2.0723039986784982e-16,0.0,3.0,0.0,0.0,14.075089392133492,5.8887452386272745,9.0,38.95937588,-77.08501937,38.9832672,-77.09365192
PF_A09_C,PF_A10_C,21,22,1.0275999999999996,30.827999999999975,3.4593521597246954e-16,0.0,2.0,0.0,0.0,14.075089392133492,5.8887452386272745,9.0,38.9832672,-77.09365192,38.99821762,-77.09675597
PF_A10_C,PF_A11_C,22,23,2.161200000000001,32.41800000000001,0.0,0.0,4.0,0.0,0.0,14.075089392133492,5.8887452386272745,9.0,38.99821762,-77.09675597,39.02972195,-77.10412029
PF_A11_C,PF_A12_C,23,24,1.4536000000000016,29.07200000000002,3.6683031225919363e-16,0.0,3.0,0.0,0.0,14.075089392133492,5.8887452386272745,9.0,39.02972195,-77.10412029,39.04852256,-77.11307662
PF_A12_C,PF_A13_C,24,25,1.0987999999999971,32.96399999999993,4.313590922622379e-16,0.0,2.0,0.0,0.0,14.075089392133492,5.8887452386272745,9.0,39.04852256,-77.11307662,39.06268856,-77.1212136
PF_A13_C,PF_A14_C,25,26,2.104800000000001,42.09600000000002,0.0,0.0,3.0,0.0,0.0,14.075089392133492,5.8887452386272745,9.0,39.06268856,-77.1212136,39.08426749,-77.14618148
PF_A14_C,PF_A15_C,26,27,2.6697000000000024,32.03640000000002,2.219244533925842e-16,0.0,5.0,0.0,0.0,14.075089392133492,5.8887452386272745,9.0,39.08426749,-77.14618148,39.11991556,-77.16466099
PF_G05_C,PF_G04_C,1,2,1.325,26.5,0.0,0.0,3.0,0.0,0.0,32.621428571428574,3.871166532206349,24.0,38.90050268,-76.84465183,38.89399325,-76.86770515
PF_G04_C,PF_G03_C,2,3,1.7288,34.57600000000001,4.112480055899832e-16,0.0,3.0,0.0,0.0,32.621428571428574,3.871166532206349,24.0,38.89399325,-76.86770515,38.88672337,-76.89413237
PF_G03_C,PF_G02_C,3,4,1.0070000000000006,30.210000000000026,2.3534112944851463e-16,0.0,2.0,0.0,0.0,32.621428571428574,3.871166532206349,24.0,38.88672337,-76.89413237,38.88942134,-76.91183095
PF_G02_C,PF_G01_C,4,5,1.3514999999999997,27.02999999999999,1.3151416057417007e-16,0.0,3.0,0.0,0.0,32.621428571428574,3.871166532206349,24.0,38.88942134,-76.91183095,38.89106148,-76.93861693
PF_G01_C,PF_D08_C,5,6,2.6326,39.48900000000001,1.8004141711969482e-16,0.0,4.0,0.0,0.0,37.08390022675737,3.774368691434577,41.599999999999454,38.89106148,-76.93861693,38.88691895,-76.97707162
PF_D08_C,PF_D07_C,6,7,0.7652999999999999,22.959,1.54800126247954e-16,0.0,2.0,0.0,0.0,37.08390022675737,3.774368691434577,41.599999999999454,38.88691895,-76.97707162,38.88126287,-76.98557739
PF_D07_C,PF_D06_C,7,8,0.6503999999999994,19.511999999999983,0.0,0.0,2.0,0.0,0.0,37.08390022675737,3.774368691434577,41.599999999999454,38.88126287,-76.98557739,38.88462465,-76.9960726
PF_D06_C,PF_D05_C,8,9,0.5538000000000007,16.614000000000022,0.0,0.0,2.0,0.0,0.0,37.08390022675737,3.774368691434577,41.599999999999454,38.88462465,-76.9960726,38.88506533,-77.0052132
PF_D05_C,PF_D04_C,9,10,0.5091000000000001,15.272999999999998,3.490528480187367e-16,0.0,2.0,0.0,0.0,37.08390022675737,3.774368691434577,41.599999999999454,38.88506533,-77.0052132,38.88506795,-77.01593515
PF_D04_C,PF_D03_C,10,11,0.3642000000000003,21.852000000000025,3.2528428505644995e-16,0.0,1.0,0.0,0.0,37.08390022675737,3.774368691434577,41.599999999999454,38.88506795,-77.01593515,38.88484,-77.02208621
PF_D03_C,PF_D02_2,11,12,0.4637999999999991,13.913999999999971,1.2771511062695068e-16,0.0,2.0,0.0,0.0,37.08390022675737,3.774368691434577,41.599999999999454,38.88484,-77.02208621,38.88845646,-77.02854519
PF_D02_2,PF_D01_C,12,13,0.4323999999999994,12.972000000000005,1.9783149293026835e-15,5.329070518200752e-14,2.0,0.0,0.0,37.08390022675737,3.774368691434577,41.599999999999454,38.88845646,-77.02854519,38.89382588,-77.02812963
PF_D01_C,PF_C01_C,13,14,0.3286000000000015,19.725812108559552,0.0013640479692897,0.0419999999999021,1.0,0.0,0.0,37.10204081632653,3.7741825141675984,41.599999999999454,38.89382588,-77.02812963,38.89811104,-77.02808414
PF_C01_C,PF_C02_2,14,15,0.4124999999999996,12.367970772442575,0.0008015243577214,1.0658141036401504e-14,2.0,0.0,0.0,37.10204081632653,3.7741825141675984,41.599999999999454,38.89811104,-77.02808414,38.90138734,-77.03342284
PF_C02_2,PF_C03_2,15,16,0.4071999999999995,24.431528183716043,6.61269097774068e-05,0.0,1.0,0.0,0.0,37.10204081632653,3.7741825141675984,41.599999999999454,38.90138734,-77.03342284,38.90138788,-77.04046559
PF_C03_2,PF_C04_C,16,17,0.5845000000000002,17.535000000000004,2.026775295588777e-16,0.0,2.0,0.0,0.0,37.10204081632653,3.7741825141675984,41.599999999999454,38.90138788,-77.04046559,38.90069215,-77.05010201
PF_C04_C,PF_C05_2,17,18,1.288399999999999,25.768157272094623,2.089893924622213e-05,0.0020000000000166,3.0,0.0,0.0,37.10204081632653,3.7741825141675984,41.599999999999454,38.90069215,-77.05010201,38.89602652,-77.07084623
PF_C05_2,PF_C06_2,18,19,0.9960000000000004,29.88007422680413,2.2218739141085055e-05,0.0,2.0,0.0,0.0,20.97808219178082,4.742302431457947,3.0,38.89602652,-77.07084623,38.88455824,-77.06316289
PF_C06_2,PF_C07_2,19,20,1.3406000000000002,26.81150927835052,3.213136731597661e-05,0.0,3.0,0.0,0.0,20.97808219178082,4.742302431457947,3.0,38.88455824,-77.06316289,38.86919821,-77.05412775
PF_C07_2,PF_C08_2,20,21,0.6106000000000016,18.31411636363638,0.0001565980819084,0.0060000000000393,2.0,0.0,0.0,20.97808219178082,4.742302431457947,3.0,38.86919821,-77.05412775,38.86185233,-77.05958163
PF_C08_2,PF_C09_2,21,22,0.720799999999997,21.62618836363633,6.164792940864727e-05,2.4868995751603507e-14,2.0,0.0,0.0,20.97808219178082,4.742302431457947,3.0,38.86185233,-77.05958163,38.8577858,-77.05055889
PF_C09_2,PF_C10_2,22,23,0.7592999999999996,45.55750690909093,3.618390915908509e-05,0.0,1.0,0.0,0.0,20.97808219178082,4.742302431457947,3.0,38.8577858,-77.05055889,38.85348502,-77.04409364
PF_C10_2,PF_C11_2,23,24,1.5674000000000028,31.34816460305901,1.7540018502793937e-05,0.0020000000000131,3.0,0.0,0.0,20.97808219178082,4.742302431457947,3.0,38.85348502,-77.04409364,38.83319118,-77.04649174
PF_C11_2,PF_C12_C,24,25,1.5212000000000003,30.42400582665694,3.5443205722759474e-06,1.7763568394002505e-14,3.0,0.0,0.0,20.97808219178082,4.742302431457947,3.0,38.83319118,-77.04649174,38.81407871,-77.0537195
PF_C12_C,PF_C13_C,25,26,0.6908999999999992,20.724458363504723,0.0018572196450518,0.0,2.0,0.0,0.0,20.97808219178082,4.742302431457947,3.0,38.81407871,-77.0537195,38.80659727,-77.06096816
PF_C13_C,PF_J02_C,26,27,3.805299999999999,38.05299999999999,1.8044624094407206e-16,1.4210854715202004e-14,6.0,0.0,0.0,20.97808219178082,4.742302431457947,3.0,38.80659727,-77.06096816,38.79928502,-77.12926624
PF_J02_C,PF_J03_C,27,28,3.608599999999999,36.08575463917525,1.1936711058732975e-05,0.0,6.0,0.0,0.0,20.97808219178082,4.742302431457947,3.0,38.79928502,-77.12926624,38.76649769,-77.16798867
PF_J03_C,PF_J02_C,1,2,3.5902,43.0824,0.0,0.0,5.0,0.0,0.0,24.190376569037657,4.016612550386442,6.0,38.76649769,-77.16798867,38.79928502,-77.12926624
PF_J02_C,PF_C13_C,2,3,3.7693,37.69299999999999,1.887049566176581e-16,0.0,6.0,0.0,0.0,17.81057268722467,5.080533286407196,10.0,38.79928502,-77.12926624,38.80659727,-77.06096816
PF_C13_C,PF_C12_C,3,4,0.6520999999999999,19.56767692307692,0.0010585058970673,0.0,2.0,0.0,0.0,17.81057268722467,5.080533286407196,10.0,38.80659727,-77.06096816,38.81407871,-77.0537195
PF_C12_C,PF_C11_1,4,5,1.5202000000000009,30.404000000000003,2.9255353924482463e-16,1.7763568394002505e-14,3.0,0.0,0.0,17.81057268722467,5.080533286407196,10.0,38.81407871,-77.0537195,38.83318818,-77.04634174
PF_C11_1,PF_C10_1,5,6,1.538499999999999,30.77,3.9074537247804697e-16,0.0,3.0,0.0,0.0,17.81057268722467,5.080533286407196,10.0,38.83318818,-77.04634174,38.85350817,-77.04399623
PF_C10_1,PF_C09_1,6,7,0.7445000000000004,22.33499999999999,5.80013122974927e-16,2.4868995751603507e-14,2.0,0.0,0.0,17.81057268722467,5.080533286407196,10.0,38.85350817,-77.04399623,38.85788934,-77.05058238
PF_C09_1,PF_C08_1,7,8,0.7102000000000004,21.30600000000001,0.0,0.0,2.0,0.0,0.0,17.81057268722467,5.080533286407196,10.0,38.85788934,-77.05058238,38.86184163,-77.05944486
PF_C08_1,PF_C07_1,8,9,0.610199999999999,18.306004395604383,6.27071564247502e-06,0.0,2.0,0.0,0.0,17.81057268722467,5.080533286407196,10.0,38.86184163,-77.05944486,38.86916837,-77.05409044
PF_C07_1,PF_C06_1,9,10,1.3252000000000006,26.5039916839917,4.860806206650726e-06,0.0,3.0,0.0,0.0,24.190376569037657,4.016612550386442,6.0,38.86916837,-77.05409044,38.88460755,-77.06303395
PF_C06_1,PF_C05_1,10,11,0.9960000000000004,29.88001247401248,6.467405295904901e-06,0.0,2.0,0.0,0.0,26.40909090909091,4.102482904748778,6.0,38.88460755,-77.06303395,38.89602709,-77.0708266
PF_C05_1,PF_C04_C,11,12,1.2838000000000012,25.67201387925053,0.0001099444041445,0.0060000000000215,3.0,0.0,0.0,26.40909090909091,4.102482904748778,6.0,38.89602709,-77.0708266,38.90069215,-77.05010201
PF_C04_C,PF_C03_1,12,13,0.5830999999999982,17.49496530187369,8.153782532601957e-05,5.329070518200752e-14,2.0,0.0,0.0,26.40909090909091,4.102482904748778,6.0,38.90069215,-77.05010201,38.90128024,-77.04046558
PF_C03_1,PF_C02_1,13,14,0.3813999999999993,22.88405829285218,2.572651581380469e-05,1.0658141036401505e-13,1.0,0.0,0.0,26.40909090909091,4.102482904748778,6.0,38.90128024,-77.04046558,38.90128031,-77.03342283
PF_C02_1,PF_C01_C,14,15,0.4095000000000013,12.285058292852174,0.0001128377003074,5.329070518200752e-14,2.0,0.0,0.0,26.40909090909091,4.102482904748778,6.0,38.90128031,-77.03342283,38.89811104,-77.02808414
PF_C01_C,PF_D01_C,15,16,0.3264999999999993,19.59019986120746,0.0001578304191643,0.0,1.0,0.0,0.0,26.40909090909091,4.102482904748778,6.0,38.89811104,-77.02808414,38.89382588,-77.02812963
PF_D01_C,PF_D02_1,16,17,0.4326000000000007,12.978000000000025,3.5672681658705636e-16,0.0,2.0,0.0,0.0,23.88617886178862,4.739515559953142,3.0,38.89382588,-77.02812963,38.88843816,-77.02867526
PF_D02_1,PF_D03_C,17,18,0.4626999999999981,13.880999999999943,5.580868499838044e-16,0.0,2.0,0.0,0.0,23.88617886178862,4.739515559953142,3.0,38.88843816,-77.02867526,38.88484,-77.02208621
PF_D03_C,PF_D04_C,18,19,0.3631000000000028,21.781746606335098,0.0001251804264959,0.0059999999997728,1.0,0.0,0.0,23.88617886178862,4.739515559953142,3.0,38.88484,-77.02208621,38.88506795,-77.01593515
PF_D04_C,PF_D05_C,19,20,0.5017999999999994,30.112316742081397,8.95515354224374e-05,0.0,1.0,0.0,0.0,23.88617886178862,4.739515559953142,3.0,38.88506795,-77.01593515,38.88506533,-77.0052132
PF_D05_C,PF_D06_C,20,21,0.5488999999999997,16.466968325791804,1.86276830054338e-05,0.0,2.0,0.0,0.0,23.88617886178862,4.739515559953142,3.0,38.88506533,-77.0052132,38.88462465,-76.9960726
PF_D06_C,PF_D07_C,21,22,0.639800000000001,19.19432432432435,0.0002512846237909,0.0,2.0,0.0,0.0,23.88617886178862,4.739515559953142,3.0,38.88462465,-76.9960726,38.88126287,-76.98557739
PF_D07_C,PF_D08_C,22,23,0.7652999999999999,22.959027027027066,1.2351059784369584e-05,1.0658141036401505e-13,2.0,0.0,0.0,23.88617886178862,4.739515559953142,3.0,38.88126287,-76.98557739,38.88691895,-76.97707162
PF_D08_C,PF_G01_C,23,24,2.5810999999999997,30.97319149940968,3.2511875618656325e-06,0.0,5.0,0.0,0.0,23.88617886178862,4.739515559953142,3.0,38.88691895,-76.97707162,38.89106148,-76.93861693
PF_G01_C,PF_G02_C,24,25,1.346599999999999,26.93199999999993,1.3337804517269022e-15,7.105427357601003e-14,3.0,0.0,0.0,23.88617886178862,4.739515559953142,3.0,38.89106148,-76.93861693,38.88942134,-76.91183095
PF_G02_C,PF_G03_C,25,26,0.9846000000000004,29.53804958677687,1.2956839269510316e-05,0.0,2.0,0.0,0.0,23.88617886178862,4.739515559953142,3.0,38.88942134,-76.91183095,38.88672337,-76.89413237
PF_G03_C,PF_G04_C,26,27,1.7287999999999997,34.5759811097993,5.598279414154556e-06,0.0,3.0,0.0,0.0,23.88617886178862,4.739515559953142,3.0,38.88672337,-76.89413237,38.89399325,-76.86770515
PF_G04_C,PF_G05_C,27,28,1.3246000000000002,26.49201889020076,7.306578032982557e-06,0.0,3.0,0.0,0.0,23.88617886178862,4.739515559953142,3.0,38.89399325,-76.86770515,38.90050268,-76.84465183
PF_F11_C,PF_F10_C,1,2,1.6081,32.16199999999999,2.2105066673480144e-16,0.0,3.0,0.0,0.0,13.3032694475761,6.053371625175465,0.0,38.82671071,-76.9118158,38.84465995,-76.9328671
PF_F10_C,PF_F09_C,2,3,1.5858,31.716000000000005,1.120795740876006e-16,0.0,3.0,0.0,0.0,13.3032694475761,6.053371625175465,0.0,38.84465995,-76.9328671,38.85111917,-76.95660477
PF_F09_C,PF_F08_C,3,4,1.3632999999999995,27.266,2.607434733193238e-16,0.0,3.0,0.0,0.0,13.3032694475761,6.053371625175465,0.0,38.85111917,-76.95660477,38.8409458,-76.9752086
PF_F08_C,PF_F07_C,4,5,0.9206000000000004,27.618,3.861303249796156e-16,0.0,2.0,0.0,0.0,13.525195968645017,5.941224997992386,0.0,38.8409458,-76.9752086,38.84568777,-76.98843722
PF_F07_C,PF_F06_C,5,6,1.3273,26.546,1.3390777411897618e-16,0.0,3.0,0.0,0.0,13.3032694475761,6.053371625175465,0.0,38.84568777,-76.98843722,38.863275,-76.9955565
PF_F06_C,PF_F05_C,6,7,1.1747999999999994,23.495999999999988,0.0,0.0,3.0,0.0,0.0,13.3032694475761,6.053371625175465,0.0,38.863275,-76.9955565,38.87646472,-77.00587504
PF_F05_C,PF_F04_C,7,8,0.7190000000000003,21.57000000000001,0.0,0.0,2.0,0.0,0.0,13.3032694475761,6.053371625175465,0.0,38.87646472,-77.00587504,38.87644813,-77.0175571
PF_F04_C,PF_F03_1,8,9,0.7744,23.232,1.5300945987269034e-16,0.0,2.0,0.0,0.0,13.3032694475761,6.053371625175465,0.0,38.87644813,-77.0175571,38.88511895,-77.02182773
PF_F03_1,PF_F02_C,9,10,0.5892,17.674548931383576,9.562669529999542e-05,0.0,2.0,0.0,0.0,13.3032694475761,6.053371625175465,0.0,38.88511895,-77.02182773,38.89321666,-77.0219064
PF_F02_C,PF_F01_C,10,11,0.3542000000000005,21.248996625421807,0.0001412227671276,0.0060000000000322,1.0,0.0,0.0,13.857951329937748,6.033349328914878,0.0,38.89321666,-77.0219064,38.89837678,-77.02190378
PF_F01_C,PF_E01_C,11,12,0.5023999999999997,15.073501687289108,9.95403113484362e-05,3.907985046680551e-14,2.0,0.0,0.0,13.3032694475761,6.053371625175465,0.0,38.89837678,-77.02190378,38.90657183,-77.02191823
PF_E01_C,PF_E02_C,12,13,0.589599999999999,17.687999999999967,2.5927295335417344e-16,0.0,2.0,0.0,0.0,13.3032694475761,6.053371625175465,0.0,38.90657183,-77.02191823,38.91350995,-77.02192036
PF_E02_C,PF_E03_C,13,14,0.5224000000000011,15.67197986577184,1.5638136835107486e-05,0.0,2.0,0.0,0.0,13.3032694475761,6.053371625175465,0.0,38.91350995,-77.02192036,38.91700113,-77.02751795
PF_E03_C,PF_E04_C,14,15,0.8987999999999996,26.964020134228186,9.08917010134005e-06,0.0,2.0,0.0,0.0,13.3032694475761,6.053371625175465,0.0,38.91700113,-77.02751795,38.92749449,-77.03251875
PF_E04_C,PF_E05_C,15,16,0.7492999999999999,22.40354697986577,0.0409842564956297,0.0,2.0134228187919465,0.0811488983926441,0.0,13.278466741826382,6.053461288292562,0.0,38.92749449,-77.03251875,38.93735792,-77.0235358
PF_E05_C,PF_E06_C,16,17,1.7302999999999995,34.60601342281878,4.721348331808236e-06,0.0,3.0,0.0,0.0,13.278466741826382,6.053461288292562,0.0,38.93735792,-77.0235358,38.95172354,-77.00315997
PF_E06_C,PF_E07_1,17,18,1.9826999999999997,39.65399999999998,1.7928593955781062e-16,0.0,3.0,0.0,0.0,13.278466741826382,6.053461288292562,0.0,38.95172354,-77.00315997,38.95524734,-76.96943634
PF_E07_1,PF_E08_1,18,19,1.3438000000000017,26.876000000000037,1.0835413050478983e-16,0.0,3.0,0.0,0.0,13.278466741826382,6.053461288292562,0.0,38.95524734,-76.96943634,38.96522987,-76.95642218
PF_E08_1,PF_E09_C,19,20,1.8652999999999975,37.30599999999993,5.833163139802478e-16,0.0,3.0,0.0,0.0,13.278466741826382,6.053461288292562,0.0,38.96522987,-76.95642218,38.97829539,-76.92833781
PF_E09_C,PF_E10_C,20,21,2.4907000000000004,37.3605,1.9029201020396996e-16,0.0,4.0,0.0,0.0,13.278466741826382,6.053461288292562,0.0,38.97829539,-76.92833781,39.0110847,-76.91119571
PF_F03_2,PF_F04_C,1,2,0.7752,23.25599999999999,3.069946648552696e-16,0.0,2.0,0.0,0.0,36.0,0.9128709291752768,0.0,38.88511874,-77.02199431,38.87644813,-77.0175571
PF_F04_C,PF_F05_C,2,3,0.7189,21.567000000000043,1.627630073622357e-16,0.0,2.0,0.0,0.0,36.0,0.9128709291752768,0.0,38.87644813,-77.0175571,38.87646472,-77.00587504
PF_F05_C,PF_F06_C,3,4,1.1747999999999998,23.495999999999984,1.5533455492172848e-16,0.0,3.0,0.0,0.0,36.0,0.9128709291752768,0.0,38.87646472,-77.00587504,38.863275,-76.9955565
PF_F06_C,PF_F07_C,4,5,1.3273,26.546000000000024,1.4893431071668092e-16,0.0,3.0,0.0,0.0,13.525195968645017,5.941224997992386,0.0,38.863275,-76.9955565,38.84568777,-76.98843722
PF_F07_C,PF_F08_C,5,6,0.9207,27.61802031602709,8.913682792005516e-06,0.0,2.0,0.0,0.0,36.0,0.9128709291752768,0.0,38.84568777,-76.98843722,38.8409458,-76.9752086
PF_F08_C,PF_F09_C,6,7,1.3632,27.26598645598191,6.019178824026094e-06,0.0,3.0,0.0,0.0,36.0,0.9128709291752768,0.0,38.8409458,-76.9752086,38.85111917,-76.95660477
PF_F09_C,PF_F10_C,7,8,1.5858,31.71599999999999,3.3560605004016797e-16,0.0,3.0,0.0,0.0,36.0,0.9128709291752768,0.0,38.85111917,-76.95660477,38.84465995,-76.9328671
PF_F10_C,PF_F11_C,8,9,1.6067999999999998,32.13599999999998,4.4245958364316464e-16,0.0,3.0,0.0,0.0,36.0,0.9128709291752768,0.0,38.84465995,-76.9328671,38.82671071,-76.9118158
PF_E10_C,PF_E09_C,1,2,2.4989,37.48349999999999,1.8966926717812882e-16,0.0,4.0,0.0,0.0,13.302616609783843,6.024153844220657,0.0,39.0110847,-76.91119571,38.97829539,-76.92833781
PF_E09_C,PF_E08_2,2,3,1.8699000000000003,37.398,0.0,0.0,3.0,0.0,0.0,13.302616609783843,6.024153844220657,0.0,38.97829539,-76.92833781,38.96533773,-76.95641827
PF_E08_2,PF_E07_2,3,4,1.3561999999999994,27.12399999999998,2.621098649266847e-16,0.0,3.0,0.0,0.0,13.302616609783843,6.024153844220657,0.0,38.96533773,-76.95641827,38.955288,-76.96956103
PF_E07_2,PF_E06_C,4,5,1.9828,39.656,0.0,0.0,3.0,0.0,0.0,13.302616609783843,6.024153844220657,0.0,38.955288,-76.96956103,38.95172354,-77.00315997
PF_E06_C,PF_E05_C,5,6,1.7303000000000006,34.606,2.054403275810955e-16,0.0,3.0,0.0,0.0,13.302616609783843,6.024153844220657,0.0,38.95172354,-77.00315997,38.93735792,-77.0235358
PF_E05_C,PF_E04_C,6,7,0.7492000000000001,22.47600000000001,1.581568779202569e-16,0.0,2.0,0.0,0.0,14.577401129943503,5.9603482438986495,0.0,38.93735792,-77.0235358,38.92749449,-77.03251875
PF_E04_C,PF_E03_C,7,8,0.8988999999999994,26.96699999999998,0.0,0.0,2.0,0.0,0.0,13.302616609783843,6.024153844220657,0.0,38.92749449,-77.03251875,38.91700113,-77.02751795
PF_E03_C,PF_E02_C,8,9,0.5222999999999995,15.668999999999984,1.134320629311283e-16,0.0,2.0,0.0,0.0,13.302616609783843,6.024153844220657,0.0,38.91700113,-77.02751795,38.91350995,-77.02192036
PF_E02_C,PF_E01_C,9,10,0.5894000000000013,17.68200000000004,2.0103687298584363e-16,0.0,2.0,0.0,0.0,13.302616609783843,6.024153844220657,0.0,38.91350995,-77.02192036,38.90657183,-77.02191823
PF_E01_C,PF_F01_C,10,11,0.502699999999999,15.091523809523796,0.0006959502954388,0.0,2.0,0.0,0.0,13.857951329937748,6.033349328914878,0.0,38.90657183,-77.02191823,38.89837678,-77.02190378
PF_F01_C,PF_F02_C,11,12,0.3541000000000007,21.249006802721112,0.0001412227411217,0.0,1.0,0.0,0.0,13.302616609783843,6.024153844220657,0.0,38.89837678,-77.02190378,38.89321666,-77.0219064
PF_F02_C,PF_F03_2,12,13,0.591899999999999,17.755496598639443,8.450462002317239e-05,0.0029999999999681,2.0,0.0,0.0,13.302616609783843,6.024153844220657,0.0,38.89321666,-77.0219064,38.88511874,-77.02199431
PF_C15_C,PF_C14_1,1,2,0.5259,15.776999999999994,4.506211369335741e-16,0.0,2.0,0.0,0.0,13.253680634201585,6.040825943957824,1.0,38.79382204,-77.07529833,38.80029433,-77.07108096
PF_C14_1,PF_C13_C,2,3,0.6707000000000001,20.12100000000001,1.7666740413997794e-16,0.0,2.0,0.0,0.0,17.81057268722467,5.080533286407196,10.0,38.80029433,-77.07108096,38.80659727,-77.06096816
PF_C07_1,PF_F03_1,9,10,2.2873,27.447600000000005,1.2950949586486603e-16,0.0,5.0,0.0,0.0,13.253680634201585,6.040825943957824,1.0,38.86916837,-77.05409044,38.88511895,-77.02182773
PF_C13_C,PF_C14_2,2,3,0.7063999999999999,21.19199999999996,2.55323282839695e-16,0.0,2.0,0.0,0.0,36.4,0.913146479584274,1.6000000000000014,38.80659727,-77.06096816,38.80043813,-77.07117784
PF_C14_2,PF_C15_C,3,4,0.5264,15.791986607142878,1.267159804047888e-05,0.0,2.0,0.0,0.0,36.4,0.913146479584274,1.6000000000000014,38.80043813,-77.07117784,38.79382204,-77.07529833
PF_F03_2,PF_C07_2,4,5,2.2877,27.452400000000008,2.589727141438824e-16,0.0,5.0,0.0,0.0,13.319365798414497,6.037742428336158,1.0,38.88511874,-77.02199431,38.86919821,-77.05412775
PF_C10_2,PF_C12_C,5,6,3.0811,30.811,0.0,0.0,6.0,0.0,0.0,0.0,0.0,0.0,38.85348502,-77.04409364,38.81407871,-77.0537195
PF_D13_C,PF_D12_C,1,2,1.4972,29.94400000000001,2.3753654534506594e-16,0.0,3.0,0.0,0.0,38.58921161825726,3.6115063509106022,48.0,38.94802473,-76.87186586,38.9334959,-76.891263
PF_D12_C,PF_D11_2,2,3,1.8706,37.41199999999999,0.0,0.0,3.0,0.0,0.0,38.58921161825726,3.6115063509106022,48.0,38.9334959,-76.891263,38.91668297,-76.91668913
PF_D11_2,PF_D10_C,3,4,1.1508000000000005,23.01600000000001,3.090369444652699e-16,0.0,3.0,0.0,0.0,38.58921161825726,3.6115063509106022,48.0,38.91668297,-76.91668913,38.90821601,-76.93516033
PF_D10_C,PF_D09_C,4,5,0.9811999999999994,29.435999999999986,1.208179493445553e-16,0.0,2.0,0.0,0.0,38.58921161825726,3.6115063509106022,48.0,38.90821601,-76.93516033,38.89916416,-76.94673612
PF_D09_C,PF_D08_C,5,6,2.0703000000000005,31.05450000000001,2.290423067128001e-16,0.0,4.0,0.0,0.0,37.08390022675737,3.774368691434577,41.599999999999454,38.89916416,-76.94673612,38.88691895,-76.97707162
PF_C05_2,PF_K01_C,18,19,0.9714000000000008,19.42800000000002,0.0,0.0,3.0,0.0,0.0,42.13479623824451,3.522402164744144,51.19999999999891,38.89602652,-77.07084623,38.89016272,-77.08709367
PF_K01_C,PF_K02_2,19,20,0.6649999999999991,19.95,1.338528046680632e-15,5.329070518200752e-14,2.0,0.0,0.0,42.13479623824451,3.522402164744144,51.19999999999891,38.89016272,-77.08709367,38.88677835,-77.0954764
PF_K02_2,PF_K03_2,20,21,0.5002999999999993,30.02097494780789,9.997884264491584e-05,0.005999999999986,1.0,0.0,0.0,42.13479623824451,3.522402164744144,51.19999999999891,38.88677835,-77.0954764,38.88347189,-77.10305665
PF_K03_2,PF_K04_2,21,22,0.5123999999999995,15.370512526096023,9.763702821418506e-05,0.0,2.0,0.0,0.0,42.13479623824451,3.522402164744144,51.19999999999891,38.88347189,-77.10305665,38.88230587,-77.11321894
PF_K04_2,PF_K05_C,22,23,2.5558000000000014,38.337000000000025,0.0,0.0,4.0,0.0,0.0,42.13479623824451,3.522402164744144,51.19999999999891,38.88230587,-77.11321894,38.88602258,-77.15694666
PF_K05_C,PF_K06_2,23,24,2.1228000000000016,42.45600000000002,1.6753403508340675e-16,0.0,3.0,0.0,0.0,36.575,3.599451925924807,48.0,38.88602258,-77.15694666,38.90082511,-77.18922087
PF_K06_2,PF_K07_C,24,25,2.414299999999997,36.21003846153841,0.0005304814971455,0.0,4.0,0.0,0.0,36.575,3.599451925924807,48.0,38.90082511,-77.18922087,38.88364098,-77.22724073
PF_K07_C,PF_K08_C,25,26,2.4364000000000026,36.54600000000004,2.6443139727807443e-16,0.0,4.0,0.0,0.0,36.575,3.599451925924807,48.0,38.88364098,-77.22724073,38.87756961,-77.27246126
PF_K08_C,PF_K07_C,1,2,2.4381,36.5715,0.0,0.0,4.0,0.0,0.0,38.12,3.493308052704194,56.0,38.87756961,-77.27246126,38.88364098,-77.22724073
PF_K07_C,PF_K06_1,2,3,2.4026,36.039,1.9736725728102547e-16,0.0,4.0,0.0,0.0,36.436708860759495,3.6120234510732607,48.0,38.88364098,-77.22724073,38.90073595,-77.18921444
PF_K06_1,PF_K05_C,3,4,2.1,41.99999999999999,0.0,0.0,3.0,0.0,0.0,36.436708860759495,3.6120234510732607,48.0,38.90073595,-77.18921444,38.88602258,-77.15694666
PF_K05_C,PF_K04_1,4,5,2.5563,38.34625625,0.0004490535480965,0.0,4.0,0.0,0.0,36.436708860759495,3.6120234510732607,48.0,38.88602258,-77.15694666,38.88219896,-77.1132144
PF_K04_1,PF_K03_1,5,6,0.4969000000000001,14.907062500000007,2.8758298481925416e-05,0.0,2.0,0.0,0.0,36.436708860759495,3.6120234510732607,48.0,38.88219896,-77.1132144,38.88337629,-77.10299252
PF_K03_1,PF_K02_1,6,7,0.5004000000000008,30.02395,1.817615300115616e-05,5.329070518200752e-14,1.0,0.0,0.0,36.436708860759495,3.6120234510732607,48.0,38.88337629,-77.10299252,38.88668469,-77.09540305
PF_K02_1,PF_K01_C,7,8,0.6658999999999988,19.976999999999997,1.3571029125803017e-15,1.4210854715202004e-14,2.0,0.0,0.0,36.436708860759495,3.6120234510732607,48.0,38.88668469,-77.09540305,38.89016272,-77.08709367
PF_K01_C,PF_C05_1,8,9,1.0235000000000003,20.469987499999988,7.704018387122538e-06,0.0,3.0,0.0,0.0,36.40336134453781,3.6080982817234513,48.0,38.89016272,-77.08709367,38.89602709,-77.0708266
PF_D08_C,PF_D09_C,21,22,2.017199999999999,24.2064098969072,4.488072322429352e-06,0.0,5.0,0.0,0.0,36.436708860759495,3.6120234510732607,48.0,38.88691895,-76.97707162,38.89916416,-76.94673612
PF_D09_C,PF_D10_C,22,23,0.976700000000001,29.301000000000037,3.684344759727311e-16,0.0,2.0,0.0,0.0,36.436708860759495,3.6120234510732607,48.0,38.89916416,-76.94673612,38.90821601,-76.93516033
PF_D10_C,PF_D11_1,23,24,1.1505999999999972,23.011983505154586,7.868372743967138e-06,0.0,3.0,0.0,0.0,36.436708860759495,3.6120234510732607,48.0,38.90821601,-76.93516033,38.91658784,-76.91663003
PF_D11_1,PF_D12_C,24,25,1.825400000000002,36.50800000000004,1.0834905070952451e-16,0.0,3.0,0.0,0.0,36.436708860759495,3.6120234510732607,48.0,38.91658784,-76.91663003,38.9334959,-76.891263
PF_D12_C,PF_D13_C,25,26,1.4954,29.90801649484537,6.054124780698151e-06,0.0,3.0,0.0,0.0,36.436708860759495,3.6120234510732607,48.0,38.9334959,-76.891263,38.94802473,-76.87186586
PF_K06_2,PF_K05_C,1,2,2.1059,42.118,0.0,0.0,3.0,0.0,0.0,39.333333333333336,1.7100804599626611,104.4,38.90082511,-77.18922087,38.88602258,-77.15694666
PF_K05_C,PF_N01_C,23,24,4.693399999999997,40.22792901508428,0.0002693196967627,0.0,7.0,0.0,0.0,45.52521008403362,3.4360691909297727,64.0,38.88602258,-77.15694666,38.92433016,-77.21053026
PF_N01_C,PF_N02_C,24,25,0.8338999999999999,24.996005964214707,0.0041315785594888,0.0,2.0,0.0,0.0,45.52521008403362,3.4360691909297727,64.0,38.92433016,-77.21053026,38.92067679,-77.22158635
PF_N02_C,PF_N03_C,25,26,0.7011000000000003,21.03300000000001,2.4323859853596595e-16,0.0,2.0,0.0,0.0,45.52521008403362,3.4360691909297727,64.0,38.92067679,-77.22158635,38.92126077,-77.23416004
PF_N03_C,PF_N04_C,26,27,0.6885000000000012,20.65500000000003,4.231331343314262e-16,0.0,2.0,0.0,0.0,45.52521008403362,3.4360691909297727,64.0,38.92126077,-77.23416004,38.92920589,-77.24188704
PF_N04_C,PF_N06_C,27,28,5.906400000000001,44.29800000000001,7.907407890808404e-17,0.0,8.0,0.0,0.0,45.52521008403362,3.4360691909297727,64.0,38.92920589,-77.24188704,38.9478252,-77.34031274
PF_N06_C,PF_N07_C,28,29,1.1550999999999974,34.65299999999992,6.999635735249068e-16,9.237055564881302e-14,2.0,0.0,0.0,45.52521008403362,3.4360691909297727,64.0,38.9478252,-77.34031274,38.952768,-77.360188
PF_N07_C,PF_N08_C,29,30,1.3477999999999994,26.95599999999999,3.3275752928741406e-16,0.0,3.0,0.0,0.0,45.52521008403362,3.4360691909297727,64.0,38.952768,-77.360188,38.95282,-77.385178
PF_N08_C,PF_N09_C,30,31,1.7223000000000042,34.44600000000008,5.817671611015824e-16,0.0,3.0,0.0,0.0,45.52521008403362,3.4360691909297727,64.0,38.95282,-77.385178,38.96088437,-77.41564171
PF_N09_C,PF_N10_C,31,32,2.080300000000001,31.20450000000001,2.505952915374317e-16,0.0,4.0,0.0,0.0,45.52521008403362,3.4360691909297727,64.0,38.96088437,-77.41564171,38.95579106,-77.44820113
PF_N10_C,PF_N11_C,32,33,2.8751999999999995,34.50239999999998,4.122918542358333e-16,0.0,5.0,0.0,0.0,41.30168776371308,3.558409174629914,53.599999999999454,38.95579106,-77.44820113,38.99206153,-77.46069475
PF_N11_C,PF_N12_C,33,34,1.960099999999997,29.40143413173648,1.0464005910311274e-05,0.0,4.0,0.0,0.0,41.30168776371308,3.558409174629914,53.599999999999454,38.99206153,-77.46069475,39.00519162,-77.49143447
PF_N06_C,PF_N04_C,1,2,5.8761,44.06852210526315,5.932083054450095e-06,0.0,8.0,0.0,0.0,23.8,2.23606797749979,95.19999999999996,38.9478252,-77.34031274,38.92920589,-77.24188704
PF_N04_C,PF_N03_C,2,3,0.6885000000000003,20.652063157894776,2.087604916450517e-05,0.0,2.0,0.0,0.0,68.52,2.338909168545664,416.7999999999989,38.92920589,-77.24188704,38.92126077,-77.23416004
PF_N03_C,PF_N02_C,3,4,0.7010999999999994,21.03593684210526,2.049509318629814e-05,0.0,2.0,0.0,0.0,23.8,2.23606797749979,95.19999999999996,38.92126077,-77.23416004,38.92067679,-77.22158635
PF_N02_C,PF_N01_C,4,5,0.7877000000000001,23.63100000000003,2.386113514481444e-16,0.0,2.0,0.0,0.0,23.8,2.23606797749979,95.19999999999996,38.92067679,-77.22158635,38.92433016,-77.21053026
PF_N01_C,PF_K05_C,5,6,4.6707,40.03372511278194,2.3936093820212357e-06,0.0,7.0,0.0,0.0,23.8,2.23606797749979,95.19999999999996,38.92433016,-77.21053026,38.88602258,-77.15694666
PF_N12_C,PF_N11_C,1,2,1.9602,29.40300000000001,2.419168094130637e-16,0.0,4.0,0.0,0.0,40.30603448275862,3.4938991070967664,41.849999999999966,39.00519162,-77.49143447,38.99206153,-77.46069475
PF_N11_C,PF_N10_C,2,3,2.8733,34.479600000000005,0.0,0.0,5.0,0.0,0.0,40.30603448275862,3.4938991070967664,41.849999999999966,38.99206153,-77.46069475,38.95579106,-77.44820113
PF_N10_C,PF_N09_C,3,4,2.0799000000000003,31.19862793176973,4.425913159767873e-05,0.0,4.0,0.0,0.0,40.30603448275862,3.4938991070967664,41.849999999999966,38.95579106,-77.44820113,38.96088437,-77.41564171
PF_N09_C,PF_N08_C,4,5,1.7223999999999997,34.44798294243069,5.344576803829689e-06,0.0,3.0,0.0,0.0,40.30603448275862,3.4938991070967664,41.849999999999966,38.96088437,-77.41564171,38.95282,-77.385178
PF_N08_C,PF_N07_C,5,6,1.3476999999999997,26.954000000000008,5.260984317801029e-16,0.0,3.0,0.0,0.0,41.94214876033058,3.3978015268098223,48.0,38.95282,-77.385178,38.952768,-77.360188
PF_N07_C,PF_N06_C,6,7,1.155100000000001,34.65302558635397,7.969429254263683e-06,0.0,2.0,0.0,0.0,40.30603448275862,3.4938991070967664,41.849999999999966,38.952768,-77.360188,38.9478252,-77.34031274
